"Date","Site","Clinic","Manager","Is the current WIC logo on or above entrance?","Are accurate hours of operation displayed on door in a permanent format?","Is staff properly welcoming, Hi, Welcome to WIC?","Is staff at entrance to greet and provide information promptly?","Is staff communicating options to walk-ins?","Is water visible and available to clients?","Is the WIC material QR code visible, colorful & intentional?","Is the WIC material QR code linked to the WIC shopping guide?","Is the WIC material QR code linked to social media?","Is the WIC material QR code linked to the WIC cookbook?","Is the WIC material QR code linked to state website?","Does the entire scope of practice take place in a private room?","Do all rooms display the Jordan Michael Design?","Do all private rooms display room status indicators?","Is there a television present?","Is the television utilized appropriately?","Is the environment peaceful and neutral? (smells, sounds, etc.)","Is there developmentally appropriate entertainment for children in every room?","Is a clinic manager or supervisor present?","Padded or gel chairs available","Rolling cart per room","Client does not move","Room per Certifier","# of Families Waiting","Minimum of 2 client padded chairs","Maximum of 8 sq ft desk","Maximum of 12 sq ft lab equipment","Small filing cabinet","3 or more wall hangings","Sharp corners covered","Electrical outlets covered","Hazard box up and out of the way","No flammable clutter","No confidential convo with door open","Alternative lighting","Interactive rugs","Kitchen sets","1 or more child chairs","Child books visible","Standard filing system for forms","Gloves mounted to wall"
2022-11-28,"1","MLK Center","Heather",0,0,0,0,1,1,1,1,1,0,1,1,1,0,1,1,1,1,1,NA,NA,NA,NA,NA,NA,NA,NA,NA,NA,NA,NA,NA,NA,NA,NA,NA,NA,NA,NA,NA,NA
2022-12-05,"1","MLK Center","Heather",0,0,0.594594594594595,0.594594594594595,1,1,1,1,1,0,1,1,1,0,1,1,1,1,1,NA,NA,NA,NA,NA,NA,NA,NA,NA,NA,NA,NA,NA,NA,NA,NA,NA,NA,NA,NA,NA,NA
2022-12-13,"1","MLK Center","Heather",0,0.464646464646465,0.767676767676768,0.767676767676768,1,1,1,1,1,0,1,1,1,0,1,1,1,1,1,NA,NA,NA,NA,NA,NA,NA,NA,NA,NA,NA,NA,NA,NA,NA,NA,NA,NA,NA,NA,NA,NA
2022-12-19,"1","MLK Center","Heather",0,0.647341497442257,0.842660052705007,0.842660052705007,1,1,1,1,1,0.377615873507983,1,1,1,0.377615873507983,1,1,1,1,1,NA,NA,NA,NA,NA,NA,NA,NA,NA,NA,NA,NA,NA,NA,NA,NA,NA,NA,NA,NA,NA,NA
2023-01-03,"1","MLK Center","Heather",0,0.751135172895564,0.884736290604261,0.884736290604261,1,0.608103388054488,1,1,1,0.587844917918268,1,1,1,0.195948305972756,1,1,1,1,1,NA,NA,NA,NA,NA,NA,NA,NA,NA,NA,NA,NA,NA,NA,NA,NA,NA,NA,NA,NA,NA,NA
2023-01-19,"1","MLK Center","Heather",0,0.815775537064366,0.912964820660331,0.912964820660331,1,0.811891709169101,1,1,1,0.7036340559921,1,1,1,0.515525765161202,1,1,1,1,1,NA,NA,NA,NA,NA,NA,NA,NA,NA,NA,NA,NA,NA,NA,NA,NA,NA,NA,NA,NA,NA,NA
2023-02-06,"1","MLK Center","Heather",0,0.856957723212148,0.931550321537102,0.931550321537102,1,0.881260761850074,1,1,1,0.7738402565072,1,1,1,0.655101018357275,1,1,1,1,1,NA,NA,NA,NA,NA,NA,NA,NA,NA,NA,NA,NA,NA,NA,NA,NA,NA,NA,NA,NA,NA,NA
2023-04-25,"1","MLK Center","Heather",0,0.856957723212148,0.931550321537102,0.931550321537102,1,0.881260761850074,1,1,1,0.7738402565072,1,1,1,0.655101018357275,1,1,1,1,1,0,0,1,1,0,NA,NA,NA,NA,NA,NA,NA,NA,NA,NA,NA,NA,NA,NA,NA,NA,NA
2023-05-01,"1","MLK Center","Heather",0,0.856957723212148,0.931550321537102,0.931550321537102,1,0.881260761850074,1,1,1,0.7738402565072,1,1,1,0.655101018357275,1,1,1,1,1,0.697986577181208,0,1,1,1.071907957814,0,1,1,0.5,1,0,1,0,1,1,0,0.5,1,0,0.5,0,0
2023-05-30,"1","MLK Center","Heather",0,0.856957723212148,0.931550321537102,0.931550321537102,1,0.881260761850074,1,1,1,0.7738402565072,1,1,1,0.655101018357275,1,1,1,1,1,0,0,1,1,1.53846153846154,0,1,1,0.5,1,0,1,0,1,1,0,0.5,1,0,0.5,0,0
2023-06-01,"1","MLK Center","Heather",0,0.856957723212148,0.931550321537102,0.931550321537102,1,0.881260761850074,1,1,1,0.7738402565072,1,1,1,0.655101018357275,1,1,1,1,1,0.697986577181208,0,1,1,1.071907957814,0.754098360655738,1,1,0.5,1,0.754098360655738,1,0,1,1,0,0.877049180327869,0.245901639344262,0.377049180327869,0.877049180327869,0,0.754098360655738
2023-07-01,"1","MLK Center","Heather",0,0.856957723212148,0.931550321537102,0.931550321537102,1,0.881260761850074,1,1,1,0.7738402565072,1,1,1,0.655101018357275,1,1,1,1,1,0.697986577181208,0,1,1,1.071907957814,0.871060171919771,1,1,0.826647564469914,1,0.871060171919771,1,0.653295128939828,1,1,0,0.935530085959885,0.782234957020057,0.762177650429799,0.935530085959885,0.653295128939828,0.871060171919771
2023-07-10,"1","MLK Center","Heather",0,0.856957723212148,0.931550321537102,0.931550321537102,1,0.881260761850074,1,1,1,0.7738402565072,1,1,1,0.655101018357275,1,1,1,1,1,0.697986577181208,0,1,1,1.071907957814,0.871060171919771,1,1,0.826647564469914,1,0.871060171919771,1,0.653295128939828,1,1,0,0.935530085959885,0.782234957020057,0.762177650429799,0.935530085959885,0.653295128939828,0.871060171919771
2023-08-16,"1","MLK Center","Heather",0,0.856957723212148,0.931550321537102,0.931550321537102,1,0.881260761850074,1,1,1,0.7738402565072,1,1,1,0.655101018357275,1,1,1,1,1,0.697986577181208,0,1,1,1.071907957814,0.871060171919771,1,1,0.826647564469914,1,0.871060171919771,1,0.653295128939828,1,1,0,0.935530085959885,0.782234957020057,0.762177650429799,0.935530085959885,0.653295128939828,0.871060171919771
2023-08-16,"1","MLK Center","Heather",0,0.856957723212148,0.931550321537102,0.931550321537102,1,0.881260761850074,1,1,1,0.7738402565072,1,1,1,0.655101018357275,1,1,1,1,1,0.697986577181208,0,1,1,1.071907957814,0.871060171919771,1,1,0.826647564469914,1,0.871060171919771,1,0.653295128939828,1,1,0,0.935530085959885,0.782234957020057,0.762177650429799,0.935530085959885,0.653295128939828,0.871060171919771
2023-08-16,"1","MLK Center","Heather",0,0.856957723212148,0.931550321537102,0.931550321537102,1,0.881260761850074,1,1,1,0.7738402565072,1,1,1,0.655101018357275,1,1,1,1,1,0.697986577181208,0,1,1,1.071907957814,0.871060171919771,1,1,0.826647564469914,1,0.871060171919771,1,0.653295128939828,1,1,0,0.935530085959885,0.782234957020057,0.762177650429799,0.935530085959885,0.653295128939828,0.871060171919771
2022-11-28,"3","Westmoreland","Ana",0,1,0,0,1,1,1,0,1,0,1,1,1,0,1,0,1,1,1,NA,NA,NA,NA,NA,NA,NA,NA,NA,NA,NA,NA,NA,NA,NA,NA,NA,NA,NA,NA,NA,NA
2022-12-05,"3","Westmoreland","Ana",0,1,0.594594594594595,0.594594594594595,1,1,1,0.594594594594595,1,0.594594594594595,1,1,1,0,1,0.594594594594595,1,0.405405405405405,1,NA,NA,NA,NA,NA,NA,NA,NA,NA,NA,NA,NA,NA,NA,NA,NA,NA,NA,NA,NA,NA,NA
2022-12-13,"3","Westmoreland","Ana",0,1,0.767676767676768,0.767676767676768,1,1,1,0.767676767676768,1,0.767676767676768,1,1,1,0,1,0.767676767676768,1,0.232323232323232,1,NA,NA,NA,NA,NA,NA,NA,NA,NA,NA,NA,NA,NA,NA,NA,NA,NA,NA,NA,NA,NA,NA
2022-12-19,"3","Westmoreland","Ana",0,1,0.842660052705007,0.842660052705007,1,1,1,0.465044179197024,1,0.465044179197024,1,1,1,0,1,0.842660052705007,1,0.534955820802976,1,NA,NA,NA,NA,NA,NA,NA,NA,NA,NA,NA,NA,NA,NA,NA,NA,NA,NA,NA,NA,NA,NA
2023-01-03,"3","Westmoreland","Ana",0,1,0.884736290604261,0.884736290604261,1,1,1,0.688787984631505,1,0.688787984631505,1,1,1,0,1,0.884736290604261,1,0.703108627314006,1,NA,NA,NA,NA,NA,NA,NA,NA,NA,NA,NA,NA,NA,NA,NA,NA,NA,NA,NA,NA,NA,NA
2023-01-09,"3","Westmoreland","Ana",0,1,0.913754158281654,0.913754158281654,1,1,1,0.777198242227607,1,0.777198242227607,1,1,1,0.327734198529714,1,0.913754158281654,1,0.784631812394759,1,NA,NA,NA,NA,NA,NA,NA,NA,NA,NA,NA,NA,NA,NA,NA,NA,NA,NA,NA,NA,NA,NA
2023-02-06,"3","Westmoreland","Ana",0,1,0.928623732255609,0.928623732255609,1,1,1,0.833827126657591,1,0.833827126657591,1,1,1,0.545558139503637,1,0.928623732255609,1,0.835546987504683,0.595534482781787,NA,NA,NA,NA,NA,NA,NA,NA,NA,NA,NA,NA,NA,NA,NA,NA,NA,NA,NA,NA,NA,NA
2023-04-05,"3","Westmoreland","Ana",0.623121894405197,1,0.954182213646677,0.954182213646677,1,0.376878105594803,1,0.903106648531497,1,0.903106648531497,1,1,1,0.750570816975636,1,0.954182213646677,1,0.903100051873175,1,0,0,0,1,2,NA,NA,NA,NA,NA,NA,NA,NA,NA,NA,NA,NA,NA,NA,NA,NA,NA
2023-05-01,"3","Westmoreland","Ana",0.623121894405197,1,0.954182213646677,0.954182213646677,1,0.376878105594803,1,0.903106648531497,1,0.903106648531497,1,1,1,0.750570816975636,1,0.954182213646677,1,0.903100051873175,0.766362138685038,0.66976186910289,0.903399730417852,0.903399730417852,1,4.91268533772652,0.75,0.5,0.25,0.25,0.75,0,0.25,0,1,1,0,0,0.25,0,0,0,0
2023-06-01,"3","Westmoreland","Ana",0.623121894405197,1,0.954182213646677,0.954182213646677,1,0.376878105594803,1,0.903106648531497,1,0.903106648531497,1,1,1,0.750570816975636,1,0.954182213646677,1,0.903100051873175,0.766362138685038,0.66976186910289,0.903399730417852,0.903399730417852,1,4.91268533772652,0.8,0.6,0.4,0.550819672131148,0.950819672131147,0,0.4,0.150819672131148,1,1,0,0,0.2,0,0,0,0
2023-06-05,"3","Westmoreland","Ana",0.623121894405197,1,0.954182213646677,0.954182213646677,1,0.376878105594803,1,0.903106648531497,1,0.903106648531497,1,1,1,0.750570816975636,1,0.954182213646677,1,0.903100051873175,0.307125654728549,0.66976186910289,0.903399730417852,0.903399730417852,1,4.91268533772652,0.8,0.6,0.4,0.550819672131148,0.950819672131147,0,0.4,0.150819672131148,1,1,0,0,0.2,0,0,0,0
2023-06-05,"3","Westmoreland","Ana",0.623121894405197,1,0.954182213646677,0.954182213646677,1,0.376878105594803,1,0.903106648531497,1,0.903106648531497,1,1,1,0.750570816975636,1,0.954182213646677,1,0.903100051873175,0.164835164835165,0,0.835164835164835,0.835164835164835,1,2.83516483516484,0.8,0.6,0.4,0.550819672131148,0.950819672131147,0,0.4,0.150819672131148,1,1,0,0,0.2,0,0,0,0
2023-07-01,"3","Westmoreland","Ana",0.623121894405197,1,0.954182213646677,0.954182213646677,1,0.376878105594803,1,0.903106648531497,1,0.903106648531497,1,1,1,0.750570816975636,1,0.954182213646677,1,0.903100051873175,0.766362138685038,0.66976186910289,0.903399730417852,0.903399730417852,1,4.91268533772652,0.930659025787966,0.934065934065934,0.8647249598539,0.908277968449888,0.974212034383954,0.595383985641865,0.8647249598539,0.638936994237854,1,1,0,0,0.032967032967033,0,0,0.595383985641865,0.595383985641865
2023-07-03,"3","Westmoreland","Ana",0.623121894405197,1,0.954182213646677,0.954182213646677,1,0.376878105594803,1,0.903106648531497,1,0.903106648531497,1,1,1,0.750570816975636,1,0.954182213646677,1,0.903100051873175,0.766362138685038,0.66976186910289,0.903399730417852,0.903399730417852,1,4.91268533772652,0.930659025787966,0.934065934065934,0.8647249598539,0.908277968449888,0.974212034383954,0.595383985641865,0.8647249598539,0.638936994237854,1,1,0,0,0.032967032967033,0,0,0.595383985641865,0.595383985641865
2023-08-16,"3","Westmoreland","Ana",0.623121894405197,1,0.954182213646677,0.954182213646677,1,0.376878105594803,1,0.903106648531497,1,0.903106648531497,1,1,1,0.750570816975636,1,0.954182213646677,1,0.903100051873175,0.307125654728549,0.66976186910289,0.903399730417852,0.903399730417852,1,4.91268533772652,0.930659025787966,0.934065934065934,0.8647249598539,0.908277968449888,0.974212034383954,0.595383985641865,0.8647249598539,0.638936994237854,1,1,0,0,0.032967032967033,0,0,0.595383985641865,0.595383985641865
2023-08-16,"3","Westmoreland","Ana",0.623121894405197,1,0.954182213646677,0.954182213646677,1,0.376878105594803,1,0.903106648531497,1,0.903106648531497,1,1,1,0.750570816975636,1,0.954182213646677,1,0.903100051873175,0.766362138685038,0.66976186910289,0.903399730417852,0.903399730417852,1,4.91268533772652,0.930659025787966,0.934065934065934,0.8647249598539,0.908277968449888,0.974212034383954,0.595383985641865,0.8647249598539,0.638936994237854,1,1,0,0,0.032967032967033,0,0,0.595383985641865,0.595383985641865
2023-08-16,"3","Westmoreland","Ana",0.623121894405197,1,0.954182213646677,0.954182213646677,1,0.376878105594803,1,0.903106648531497,1,0.903106648531497,1,1,1,0.750570816975636,1,0.954182213646677,1,0.903100051873175,0.766362138685038,0.66976186910289,0.903399730417852,0.903399730417852,1,4.91268533772652,0.930659025787966,0.934065934065934,0.8647249598539,0.908277968449888,0.974212034383954,0.595383985641865,0.8647249598539,0.638936994237854,1,1,0,0,0.032967032967033,0,0,0.595383985641865,0.595383985641865
2022-11-28,"5","Lake June","Heather",1,0,1,1,1,1,1,1,1,1,1,1,1,0,1,0,1,1,1,NA,NA,NA,NA,NA,NA,NA,NA,NA,NA,NA,NA,NA,NA,NA,NA,NA,NA,NA,NA,NA,NA
2022-12-06,"5","Lake June","Heather",1,0.605263157894737,1,1,1,1,1,1,1,1,1,1,1,0,1,0,1,1,1,NA,NA,NA,NA,NA,NA,NA,NA,NA,NA,NA,NA,NA,NA,NA,NA,NA,NA,NA,NA,NA,NA
2022-12-19,"5","Lake June","Heather",1,0.786585365853658,1,1,1,1,1,1,1,1,1,1,1,0,1,0,1,1,1,NA,NA,NA,NA,NA,NA,NA,NA,NA,NA,NA,NA,NA,NA,NA,NA,NA,NA,NA,NA,NA,NA
2023-01-03,"5","Lake June","Heather",1,0.86275135652729,1,1,1,1,1,1,1,1,1,1,1,0,1,0,1,1,1,NA,NA,NA,NA,NA,NA,NA,NA,NA,NA,NA,NA,NA,NA,NA,NA,NA,NA,NA,NA,NA,NA
2023-01-09,"5","Lake June","Heather",1,0.902542513342394,1,1,1,1,1,1,1,1,1,1,1,0,1,0.370338449298903,1,1,1,NA,NA,NA,NA,NA,NA,NA,NA,NA,NA,NA,NA,NA,NA,NA,NA,NA,NA,NA,NA,NA,NA
2023-01-13,"5","Lake June","Heather",1,0.925334890071629,1,1,1,1,1,1,1,1,1,1,1,0.303638113708709,1,0.543352414005059,1,1,1,NA,NA,NA,NA,NA,NA,NA,NA,NA,NA,NA,NA,NA,NA,NA,NA,NA,NA,NA,NA,NA,NA
2023-01-23,"5","Lake June","Heather",1,0.93588578334799,1,1,1,1,1,1,1,1,1,1,1,0.48555833411122,1,0.642527623155795,1,1,1,NA,NA,NA,NA,NA,NA,NA,NA,NA,NA,NA,NA,NA,NA,NA,NA,NA,NA,NA,NA,NA,NA
2023-02-27,"5","Lake June","Heather",1,0.942701817385888,1,1,1,1,1,1,1,1,1,1,1,0.627606093566568,1,0.72250620852119,1,1,1,NA,NA,NA,NA,NA,NA,NA,NA,NA,NA,NA,NA,NA,NA,NA,NA,NA,NA,NA,NA,NA,NA
2023-03-14,"5","Lake June","Heather",1,0.954151245361777,1,1,1,1,1,1,1,1,1,1,1,0.714088475444859,1,0.7843125173591,1,1,1,NA,NA,NA,NA,NA,NA,NA,NA,NA,NA,NA,NA,NA,NA,NA,NA,NA,NA,NA,NA,NA,NA
2023-04-26,"5","Lake June","Heather",1,0.954151245361777,1,1,1,1,1,1,1,1,1,1,1,0.714088475444859,1,0.7843125173591,1,1,1,0,0,1,1,12,NA,NA,NA,NA,NA,NA,NA,NA,NA,NA,NA,NA,NA,NA,NA,NA,NA
2023-05-01,"5","Lake June","Heather",1,0.954151245361777,1,1,1,1,1,1,1,1,1,1,1,0.714088475444859,1,0.7843125173591,1,1,1,0,0,1,1,8.45254556882464,0.9,0.6,0.7,0.9,0.6,0,0.4,0,0.8,1,0,0.3,0.5,0,0,0,0
2023-06-01,"5","Lake June","Heather",1,0.954151245361777,1,1,1,1,1,1,1,1,1,1,1,0.714088475444859,1,0.7843125173591,1,1,1,0,0,1,1,8.45254556882464,0.9,0.6,0.7,0.9,0.6,0.0754098360655738,0.475409836065574,0,0.8,1,0,0.3,0.5,0.0754098360655738,0,0,0
2023-06-12,"5","Lake June","Heather",1,0.954151245361777,1,1,1,1,1,1,1,1,1,1,1,0.714088475444859,1,0.7843125173591,1,1,1,0,0,1,1,8.77922077922078,0.9,0.6,0.7,0.9,0.6,0.0754098360655738,0.475409836065574,0,0.8,1,0,0.3,0.5,0.0754098360655738,0,0,0
2023-07-01,"5","Lake June","Heather",1,0.954151245361777,1,1,1,1,1,1,1,1,1,1,1,0.714088475444859,1,0.7843125173591,1,1,1,0,0,1,1,8.45254556882464,0.983516483516484,0.934065934065934,0.950549450549451,0.983516483516484,0.934065934065934,0.0217765042979943,0.868314493529393,0.780603923297333,0.967032967032967,1,0.23236247992695,0.699395446959917,0.815878963443433,0.0217765042979943,0.780603923297333,0.780603923297333,0.780603923297333
2023-07-03,"5","Lake June","Heather",1,0.954151245361777,1,1,1,1,1,1,1,1,1,1,1,0.714088475444859,1,0.7843125173591,1,1,1,0,0,1,1,8.45254556882464,0.983516483516484,0.934065934065934,0.950549450549451,0.983516483516484,0.934065934065934,0.0217765042979943,0.868314493529393,0.780603923297333,0.967032967032967,1,0.23236247992695,0.699395446959917,0.815878963443433,0.0217765042979943,0.780603923297333,0.780603923297333,0.780603923297333
2023-08-16,"5","Lake June","Heather",1,0.954151245361777,1,1,1,1,1,1,1,1,1,1,1,0.714088475444859,1,0.7843125173591,1,1,1,0,0,1,1,8.45254556882464,0.983516483516484,0.934065934065934,0.950549450549451,0.983516483516484,0.934065934065934,0.0217765042979943,0.868314493529393,0.780603923297333,0.967032967032967,1,0.23236247992695,0.699395446959917,0.815878963443433,0.0217765042979943,0.780603923297333,0.780603923297333,0.780603923297333
2023-08-16,"5","Lake June","Heather",1,0.954151245361777,1,1,1,1,1,1,1,1,1,1,1,0.714088475444859,1,0.7843125173591,1,1,1,0,0,1,1,8.45254556882464,0.983516483516484,0.934065934065934,0.950549450549451,0.983516483516484,0.934065934065934,0.0217765042979943,0.868314493529393,0.780603923297333,0.967032967032967,1,0.23236247992695,0.699395446959917,0.815878963443433,0.0217765042979943,0.780603923297333,0.780603923297333,0.780603923297333
2023-08-16,"5","Lake June","Heather",1,0.954151245361777,1,1,1,1,1,1,1,1,1,1,1,0.714088475444859,1,0.7843125173591,1,1,1,0,0,1,1,8.45254556882464,0.983516483516484,0.934065934065934,0.950549450549451,0.983516483516484,0.934065934065934,0.0217765042979943,0.868314493529393,0.780603923297333,0.967032967032967,1,0.23236247992695,0.699395446959917,0.815878963443433,0.0217765042979943,0.780603923297333,0.780603923297333,0.780603923297333
2022-11-28,"8","Grand Prairie","Cheryl",1,1,1,1,1,1,1,0,1,0,1,1,1,0,1,0,1,1,1,NA,NA,NA,NA,NA,NA,NA,NA,NA,NA,NA,NA,NA,NA,NA,NA,NA,NA,NA,NA,NA,NA
2022-12-05,"8","Grand Prairie","Cheryl",1,1,0.405405405405405,0.405405405405405,1,1,1,0.594594594594595,1,0.594594594594595,1,1,1,0,1,0,1,1,1,NA,NA,NA,NA,NA,NA,NA,NA,NA,NA,NA,NA,NA,NA,NA,NA,NA,NA,NA,NA,NA,NA
2022-12-14,"8","Grand Prairie","Cheryl",1,1,0.703632887189293,0.703632887189293,1,1,1,0.296367112810707,1,0.296367112810707,1,1,1,0,1,0,1,1,1,NA,NA,NA,NA,NA,NA,NA,NA,NA,NA,NA,NA,NA,NA,NA,NA,NA,NA,NA,NA,NA,NA
2022-12-19,"8","Grand Prairie","Cheryl",1,1,0.80728051391863,0.80728051391863,1,1,1,0.565310492505353,1,0.565310492505353,1,1,1,0,1,0,1,1,1,NA,NA,NA,NA,NA,NA,NA,NA,NA,NA,NA,NA,NA,NA,NA,NA,NA,NA,NA,NA,NA,NA
2023-01-03,"8","Grand Prairie","Cheryl",1,1,0.867019295239514,0.867019295239514,1,1,1,0.718095805706623,1,0.718095805706623,1,1,1,0,1,0,1,1,1,NA,NA,NA,NA,NA,NA,NA,NA,NA,NA,NA,NA,NA,NA,NA,NA,NA,NA,NA,NA,NA,NA
2023-01-13,"8","Grand Prairie","Cheryl",1,1,0.90191506809667,0.90191506809667,1,1,1,0.795468797736007,1,0.795468797736007,1,1,1,0.353105754851988,1,0.353105754851988,1,1,1,NA,NA,NA,NA,NA,NA,NA,NA,NA,NA,NA,NA,NA,NA,NA,NA,NA,NA,NA,NA,NA,NA
2023-01-23,"8","Grand Prairie","Cheryl",1,1,0.923078597061669,0.923078597061669,1,1,1,0.841153855750397,1,0.841153855750397,1,1,1,0.52511677739234,1,0.52511677739234,1,1,1,NA,NA,NA,NA,NA,NA,NA,NA,NA,NA,NA,NA,NA,NA,NA,NA,NA,NA,NA,NA,NA,NA
2023-02-06,"8","Grand Prairie","Cheryl",1,1,0.936501178413181,0.936501178413181,1,1,1,0.869949216555691,1,0.869949216555691,1,1,1,0.627981449348265,1,0.627981449348265,1,1,1,NA,NA,NA,NA,NA,NA,NA,NA,NA,NA,NA,NA,NA,NA,NA,NA,NA,NA,NA,NA,NA,NA
2023-03-06,"8","Grand Prairie","Cheryl",0.618701377553905,1,0.946042647767062,0.946042647767062,1,1,1,0.890421434111377,1,0.890421434111377,1,1,1,0.700016875794185,1,0.700016875794185,1,1,1,NA,NA,NA,NA,NA,NA,NA,NA,NA,NA,NA,NA,NA,NA,NA,NA,NA,NA,NA,NA,NA,NA
2023-03-20,"8","Grand Prairie","Cheryl",0.469763370796306,1,0.956315732253105,0.956315732253105,1,1,1,0.911497291136318,1,0.911497291136318,1,1,1,0.760753507575966,1,0.760753507575966,1,1,1,NA,NA,NA,NA,NA,NA,NA,NA,NA,NA,NA,NA,NA,NA,NA,NA,NA,NA,NA,NA,NA,NA
2023-05-01,"8","Grand Prairie","Cheryl",0.352094629736209,1,0.962184058806086,0.962184058806086,1,0.503350638986599,1,0.923855385827107,1,0.923855385827107,1,1,1,0.800986787668076,1,0.800986787668076,1,1,1,0,0,1,1,5,NA,NA,NA,NA,NA,NA,NA,NA,NA,NA,NA,NA,NA,NA,NA,NA,NA
2023-05-01,"8","Grand Prairie","Cheryl",0.352094629736209,1,0.962184058806086,0.962184058806086,1,0.503350638986599,1,0.923855385827107,1,0.923855385827107,1,1,1,0.800986787668076,1,0.800986787668076,1,1,1,0,0.677290836653386,1,1,3.50996015936255,1,1,0.8,0.4,0.8,0,0.2,0,1,1,0.2,0.2,0,0,0,0,0
2023-06-01,"8","Grand Prairie","Cheryl",0.352094629736209,1,0.962184058806086,0.962184058806086,1,0.503350638986599,1,0.923855385827107,1,0.923855385827107,1,1,1,0.800986787668076,1,0.800986787668076,1,1,1,0,0.677290836653386,1,1,3.50996015936255,0.748633879781421,1,0.833333333333333,0.877049180327869,0.833333333333333,0.543715846994535,0.584699453551913,0,1,1,0.333333333333333,0.333333333333333,0,0,0,0,0
2023-06-05,"8","Grand Prairie","Cheryl",0.352094629736209,1,0.962184058806086,0.962184058806086,1,0.503350638986599,1,0.923855385827107,1,0.923855385827107,1,1,1,0.800986787668076,1,0.800986787668076,1,1,1,0,0.677290836653386,1,1,3.50996015936255,0.748633879781421,1,0.833333333333333,0.877049180327869,0.833333333333333,0.543715846994535,0.584699453551913,0,1,1,0.333333333333333,0.333333333333333,0,0,0,0,0
2023-06-05,"8","Grand Prairie","Cheryl",0.352094629736209,1,0.962184058806086,0.962184058806086,1,0.503350638986599,1,0.923855385827107,1,0.923855385827107,1,1,1,0.800986787668076,1,0.800986787668076,1,1,1,0,0,1,1,1.92307692307692,0.748633879781421,1,0.833333333333333,0.877049180327869,0.833333333333333,0.543715846994535,0.584699453551913,0,1,1,0.333333333333333,0.333333333333333,0,0,0,0,0
2023-07-01,"8","Grand Prairie","Cheryl",0.352094629736209,1,0.962184058806086,0.962184058806086,1,0.503350638986599,1,0.923855385827107,1,0.923855385827107,1,1,1,0.800986787668076,1,0.800986787668076,1,1,1,0,0.677290836653386,1,1,3.50996015936255,0.927411652340019,1,0.972527472527473,0.935530085959885,0.942215854823305,0.88058503101483,0.902075002361535,0.139194139194139,1,1,0.829486654701554,0.194139194139194,0.605035842858192,0,0,0.605035842858192,0.605035842858192
2023-07-10,"8","Grand Prairie","Cheryl",0.352094629736209,1,0.962184058806086,0.962184058806086,1,0.503350638986599,1,0.923855385827107,1,0.923855385827107,1,1,1,0.800986787668076,1,0.800986787668076,1,1,1,0,0.677290836653386,1,1,3.50996015936255,0.927411652340019,1,0.972527472527473,0.935530085959885,0.942215854823305,0.88058503101483,0.902075002361535,0.139194139194139,1,1,0.829486654701554,0.194139194139194,0.605035842858192,0,0,0.605035842858192,0.605035842858192
2023-08-16,"8","Grand Prairie","Cheryl",0.352094629736209,1,0.962184058806086,0.962184058806086,1,0.503350638986599,1,0.923855385827107,1,0.923855385827107,1,1,1,0.800986787668076,1,0.800986787668076,1,1,1,0,0.677290836653386,1,1,3.50996015936255,0.927411652340019,1,0.972527472527473,0.935530085959885,0.942215854823305,0.88058503101483,0.902075002361535,0.139194139194139,1,1,0.829486654701554,0.194139194139194,0.605035842858192,0,0,0.605035842858192,0.605035842858192
2023-08-16,"8","Grand Prairie","Cheryl",0.352094629736209,1,0.962184058806086,0.962184058806086,1,0.503350638986599,1,0.923855385827107,1,0.923855385827107,1,1,1,0.800986787668076,1,0.800986787668076,1,1,1,0,0.677290836653386,1,1,3.50996015936255,0.927411652340019,1,0.972527472527473,0.935530085959885,0.942215854823305,0.88058503101483,0.902075002361535,0.139194139194139,1,1,0.829486654701554,0.194139194139194,0.605035842858192,0,0,0.605035842858192,0.605035842858192
2023-08-16,"8","Grand Prairie","Cheryl",0.352094629736209,1,0.962184058806086,0.962184058806086,1,0.503350638986599,1,0.923855385827107,1,0.923855385827107,1,1,1,0.800986787668076,1,0.800986787668076,1,1,1,0,0.677290836653386,1,1,3.50996015936255,0.927411652340019,1,0.972527472527473,0.935530085959885,0.942215854823305,0.88058503101483,0.902075002361535,0.139194139194139,1,1,0.829486654701554,0.194139194139194,0.605035842858192,0,0,0.605035842858192,0.605035842858192
2022-11-28,"9","Irving","Cheryl",0,1,1,1,1,1,1,0,1,0,1,1,0,0,1,0,1,1,1,NA,NA,NA,NA,NA,NA,NA,NA,NA,NA,NA,NA,NA,NA,NA,NA,NA,NA,NA,NA,NA,NA
2022-12-05,"9","Irving","Cheryl",0,1,1,1,1,1,1,0.594594594594595,1,0.594594594594595,1,1,0,0,1,0.594594594594595,1,1,1,NA,NA,NA,NA,NA,NA,NA,NA,NA,NA,NA,NA,NA,NA,NA,NA,NA,NA,NA,NA,NA,NA
2022-12-14,"9","Irving","Cheryl",0,1,1,1,1,1,1,0.770554493307839,1,0.770554493307839,1,1,0,0,1,0.770554493307839,1,1,1,NA,NA,NA,NA,NA,NA,NA,NA,NA,NA,NA,NA,NA,NA,NA,NA,NA,NA,NA,NA,NA,NA
2022-12-19,"9","Irving","Cheryl",0,1,1,1,1,1,1,0.844753747323341,1,0.844753747323341,1,1,0,0,1,0.844753747323341,1,1,1,NA,NA,NA,NA,NA,NA,NA,NA,NA,NA,NA,NA,NA,NA,NA,NA,NA,NA,NA,NA,NA,NA
2023-01-03,"9","Irving","Cheryl",0,1,1,1,1,1,1,0.885271548834091,1,0.885271548834091,1,1,0,0,1,0.495194814869999,1,1,1,NA,NA,NA,NA,NA,NA,NA,NA,NA,NA,NA,NA,NA,NA,NA,NA,NA,NA,NA,NA,NA,NA
2023-01-09,"9","Irving","Cheryl",0,1,1,1,1,1,1,0.913999674377397,1,0.913999674377397,1,1,0,0.326801237365893,1,0.680570219116045,1,1,1,NA,NA,NA,NA,NA,NA,NA,NA,NA,NA,NA,NA,NA,NA,NA,NA,NA,NA,NA,NA,NA,NA
2023-01-18,"9","Irving","Cheryl",0,1,1,1,1,1,1,0.929850704861703,1,0.929850704861703,1,1,0.308656898608507,0.501567460238825,1,0.775522255557449,1,1,1,NA,NA,NA,NA,NA,NA,NA,NA,NA,NA,NA,NA,NA,NA,NA,NA,NA,NA,NA,NA,NA,NA
2023-01-20,"9","Irving","Cheryl",0,1,1,1,1,1,1,0.944882241327354,1,0.944882241327354,1,1,0.220471034690586,0.614492345406839,1,0.82775700414798,1,1,1,NA,NA,NA,NA,NA,NA,NA,NA,NA,NA,NA,NA,NA,NA,NA,NA,NA,NA,NA,NA,NA,NA
2023-02-07,"9","Irving","Cheryl",0,1,1,1,1,1,1,0.947675040352639,1,0.947675040352639,1,1,0.1285699008478,0.667199864248052,1,0.85767610975918,1,1,1,NA,NA,NA,NA,NA,NA,NA,NA,NA,NA,NA,NA,NA,NA,NA,NA,NA,NA,NA,NA,NA,NA
2023-03-20,"9","Irving","Cheryl",0,1,1,1,1,1,1,0.953297446373479,1,0.953297446373479,1,1,0.473457379176932,0.729302888417145,1,0.888119157246356,1,1,1,NA,NA,NA,NA,NA,NA,NA,NA,NA,NA,NA,NA,NA,NA,NA,NA,NA,NA,NA,NA,NA,NA
2023-05-01,"9","Irving","Cheryl",0,1,1,1,1,1,1,0.953297446373479,1,0.953297446373479,1,1,0.473457379176932,0.729302888417145,1,0.888119157246356,1,1,1,0,0,1,1,10,NA,NA,NA,NA,NA,NA,NA,NA,NA,NA,NA,NA,NA,NA,NA,NA,NA
2023-05-01,"9","Irving","Cheryl",0,1,1,1,1,1,1,0.953297446373479,1,0.953297446373479,1,1,0.473457379176932,0.729302888417145,1,0.888119157246356,1,1,1,0,0.732171156893819,1,1,7.17591125198098,0,0,0.555555555555556,0,0.777777777777778,0,0.555555555555556,0,1,1,0,0,0.333333333333333,0.333333333333333,0,0,0
2023-05-30,"9","Irving","Cheryl",0,1,1,1,1,1,1,0.953297446373479,1,0.953297446373479,1,1,0.473457379176932,0.729302888417145,1,0.888119157246356,1,1,1,0,0,1,1,7.01694915254237,0,0,0.555555555555556,0,0.777777777777778,0,0.555555555555556,0,1,1,0,0,0.333333333333333,0.333333333333333,0,0,0
2023-06-01,"9","Irving","Cheryl",0,1,1,1,1,1,1,0.953297446373479,1,0.953297446373479,1,1,0.473457379176932,0.729302888417145,1,0.888119157246356,1,1,1,0,0.732171156893819,1,1,7.17591125198098,0,0,0.555555555555556,0.335154826958106,0.777777777777778,0.335154826958106,0.555555555555556,0,1,1,0,0,0.333333333333333,0.333333333333333,0,0,0
2023-07-24,"9","Irving","Cheryl",0,1,1,1,1,1,1,0.953297446373479,1,0.953297446373479,1,1,0.473457379176932,0.729302888417145,1,0.888119157246356,1,1,1,0,0.732171156893819,1,1,7.17591125198098,0,0,0.555555555555556,0.335154826958106,0.777777777777778,0.335154826958106,0.555555555555556,0,1,1,0,0,0.333333333333333,0.333333333333333,0,0,0
2023-08-16,"9","Irving","Cheryl",0,1,1,1,1,1,1,0.953297446373479,1,0.953297446373479,1,1,0.473457379176932,0.729302888417145,1,0.888119157246356,1,1,1,0,0.732171156893819,1,1,7.17591125198098,0,0,0.555555555555556,0.335154826958106,0.777777777777778,0.335154826958106,0.555555555555556,0,1,1,0,0,0.333333333333333,0.333333333333333,0,0,0
2023-08-16,"9","Irving","Cheryl",0,1,1,1,1,1,1,0.953297446373479,1,0.953297446373479,1,1,0.473457379176932,0.729302888417145,1,0.888119157246356,1,1,1,0,0.732171156893819,1,1,7.17591125198098,0,0,0.555555555555556,0.335154826958106,0.777777777777778,0.335154826958106,0.555555555555556,0,1,1,0,0,0.333333333333333,0.333333333333333,0,0,0
2023-08-16,"9","Irving","Cheryl",0,1,1,1,1,1,1,0.953297446373479,1,0.953297446373479,1,1,0.473457379176932,0.729302888417145,1,0.888119157246356,1,1,1,0,0.732171156893819,1,1,7.17591125198098,0,0,0.555555555555556,0.335154826958106,0.777777777777778,0.335154826958106,0.555555555555556,0,1,1,0,0,0.333333333333333,0.333333333333333,0,0,0
2022-11-28,"10","Highland Hills","Heather",0,0,1,1,1,0,1,0,1,0,1,1,0,0,0,0,1,1,0,NA,NA,NA,NA,NA,NA,NA,NA,NA,NA,NA,NA,NA,NA,NA,NA,NA,NA,NA,NA,NA,NA
2022-12-05,"10","Highland Hills","Heather",0,0,1,1,1,0.594594594594595,0.405405405405405,0,0.405405405405405,0,0.405405405405405,1,0.594594594594595,0,0,0,1,1,0.594594594594595,NA,NA,NA,NA,NA,NA,NA,NA,NA,NA,NA,NA,NA,NA,NA,NA,NA,NA,NA,NA,NA,NA
2022-12-19,"10","Highland Hills","Heather",0,0.517087667161961,1,1,1,0.784546805349183,0.732540861812779,0.517087667161961,0.732540861812779,0.517087667161961,0.732540861812779,1,0.784546805349183,0,0,0,1,1,0.784546805349183,NA,NA,NA,NA,NA,NA,NA,NA,NA,NA,NA,NA,NA,NA,NA,NA,NA,NA,NA,NA,NA,NA
2023-01-09,"10","Highland Hills","Heather",0,0.715551617190961,1,1,1,0.867080194949047,0.848471422241914,0.715551617190961,0.848471422241914,0.715551617190961,0.848471422241914,1,0.867080194949047,0,0,0,1,1,0.867080194949047,NA,NA,NA,NA,NA,NA,NA,NA,NA,NA,NA,NA,NA,NA,NA,NA,NA,NA,NA,NA,NA,NA
2023-01-23,"10","Highland Hills","Heather",0,0.803064315891209,1,1,1,0.906637897903981,0.896426417987228,0.803064315891209,0.896426417987228,0.803064315891209,0.896426417987228,1,0.906637897903981,0,0.441913949921159,0,1,1,0.906637897903981,NA,NA,NA,NA,NA,NA,NA,NA,NA,NA,NA,NA,NA,NA,NA,NA,NA,NA,NA,NA,NA,NA
2023-01-30,"10","Highland Hills","Heather",0,0.854052992590873,1,1,1,0.930454781704376,0.923598210886497,0.854052992590873,0.923598210886497,0.854052992590873,0.923598210886497,1,0.930454781704376,0,0.608204545458096,0.361635135137246,1,1,0.930454781704376,NA,NA,NA,NA,NA,NA,NA,NA,NA,NA,NA,NA,NA,NA,NA,NA,NA,NA,NA,NA,NA,NA
2023-05-01,"10","Highland Hills","Heather",0,0.912210891435734,1,1,1,0.956749600602511,0.955461290833224,0.912210891435734,0.955461290833224,0.912210891435734,0.955461290833224,1,0.956749600602511,0,0.812517742308698,0.756245717286158,1,0.302226889720504,1,0,0,0,0,0,NA,NA,NA,NA,NA,NA,NA,NA,NA,NA,NA,NA,NA,NA,NA,NA,NA
2023-05-01,"10","Highland Hills","Heather",0,0.912210891435734,1,1,1,0.956749600602511,0.955461290833224,0.912210891435734,0.955461290833224,0.912210891435734,0.955461290833224,1,0.956749600602511,0,0.812517742308698,0.756245717286158,1,0.302226889720504,1,0,0,0.873684210526316,0.873684210526316,1.43157894736842,0.5,1,1,1,0,0,0,0,1,1,0,0.5,0,0,0,0,0
2023-05-18,"10","Highland Hills","Heather",0,0.912210891435734,1,1,1,0.956749600602511,0.955461290833224,0.912210891435734,0.955461290833224,0.912210891435734,0.955461290833224,1,0.956749600602511,0,0.812517742308698,0.756245717286158,1,0.302226889720504,1,0,0,0.680851063829787,0.680851063829787,0,0.5,1,1,1,0,0,0,0,1,1,0,0.5,0,0,0,0,0
2023-06-01,"10","Highland Hills","Heather",0,0.912210891435734,1,1,1,0.956749600602511,0.955461290833224,0.912210891435734,0.955461290833224,0.912210891435734,0.955461290833224,1,0.956749600602511,0,0.812517742308698,0.756245717286158,1,0.302226889720504,1,0,0,0.873684210526316,0.873684210526316,1.43157894736842,0.877049180327869,1,1,1,0,0.754098360655738,0.754098360655738,0,1,1,0,0.877049180327869,0,0,0.754098360655738,0,0.754098360655738
2023-07-01,"10","Highland Hills","Heather",0,0.912210891435734,1,1,1,0.956749600602511,0.955461290833224,0.912210891435734,0.955461290833224,0.912210891435734,0.955461290833224,1,0.956749600602511,0,0.812517742308698,0.756245717286158,1,0.302226889720504,1,0,0,0.873684210526316,0.873684210526316,1.43157894736842,0.935530085959885,1,1,1,0,0.871060171919771,0.871060171919771,0.653295128939828,1,1,0,0.282234957020057,0.653295128939828,0,0.217765042979943,0.653295128939828,0.871060171919771
2023-07-10,"10","Highland Hills","Heather",0,0.912210891435734,1,1,1,0.956749600602511,0.955461290833224,0.912210891435734,0.955461290833224,0.912210891435734,0.955461290833224,1,0.956749600602511,0,0.812517742308698,0.756245717286158,1,0.302226889720504,1,0,0,0.873684210526316,0.873684210526316,1.43157894736842,0.935530085959885,1,1,1,0,0.871060171919771,0.871060171919771,0.653295128939828,1,1,0,0.282234957020057,0.653295128939828,0,0.217765042979943,0.653295128939828,0.871060171919771
2023-07-13,"10","Highland Hills","Heather",0,0.912210891435734,1,1,1,0.956749600602511,0.955461290833224,0.912210891435734,0.955461290833224,0.912210891435734,0.955461290833224,1,0.956749600602511,0,0.812517742308698,0.756245717286158,1,0.302226889720504,0.956749600602511,0,0,0.873684210526316,0.873684210526316,1.43157894736842,0.935530085959885,1,1,1,0,0.871060171919771,0.871060171919771,0.653295128939828,1,1,0,0.282234957020057,0.653295128939828,0,0.217765042979943,0.653295128939828,0.871060171919771
2023-08-16,"10","Highland Hills","Heather",0,0.912210891435734,1,1,1,0.956749600602511,0.955461290833224,0.912210891435734,0.955461290833224,0.912210891435734,0.955461290833224,1,0.956749600602511,0,0.812517742308698,0.756245717286158,1,0.302226889720504,0.956749600602511,0,0,0.873684210526316,0.873684210526316,1.43157894736842,0.935530085959885,1,1,1,0,0.871060171919771,0.871060171919771,0.653295128939828,1,1,0,0.282234957020057,0.653295128939828,0,0.217765042979943,0.653295128939828,0.871060171919771
2023-08-16,"10","Highland Hills","Heather",0,0.912210891435734,1,1,1,0.956749600602511,0.955461290833224,0.912210891435734,0.955461290833224,0.912210891435734,0.955461290833224,1,0.956749600602511,0,0.812517742308698,0.756245717286158,1,0.302226889720504,1,0,0,0.873684210526316,0.873684210526316,1.43157894736842,0.935530085959885,1,1,1,0,0.871060171919771,0.871060171919771,0.653295128939828,1,1,0,0.282234957020057,0.653295128939828,0,0.217765042979943,0.653295128939828,0.871060171919771
2023-08-16,"10","Highland Hills","Heather",0,0.912210891435734,1,1,1,0.956749600602511,0.955461290833224,0.912210891435734,0.955461290833224,0.912210891435734,0.955461290833224,1,0.956749600602511,0,0.812517742308698,0.756245717286158,1,0.302226889720504,1,0,0,0.873684210526316,0.873684210526316,1.43157894736842,0.935530085959885,1,1,1,0,0.871060171919771,0.871060171919771,0.653295128939828,1,1,0,0.282234957020057,0.653295128939828,0,0.217765042979943,0.653295128939828,0.871060171919771
2022-11-28,"11","East Garland","Na'Cole",0,0,1,1,1,0,1,1,1,0,1,1,1,0,1,0,1,1,0,NA,NA,NA,NA,NA,NA,NA,NA,NA,NA,NA,NA,NA,NA,NA,NA,NA,NA,NA,NA,NA,NA
2022-12-05,"11","East Garland","Na'Cole",0,0.594594594594595,1,1,1,0,1,1,1,0.594594594594595,1,1,1,0,1,0,1,1,0.594594594594595,NA,NA,NA,NA,NA,NA,NA,NA,NA,NA,NA,NA,NA,NA,NA,NA,NA,NA,NA,NA,NA,NA
2022-12-19,"11","East Garland","Na'Cole",0,0.784546805349183,1,1,1,0.517087667161961,1,1,1,0.784546805349183,1,1,1,0,1,0,1,1,0.784546805349183,NA,NA,NA,NA,NA,NA,NA,NA,NA,NA,NA,NA,NA,NA,NA,NA,NA,NA,NA,NA,NA,NA
2023-01-03,"11","East Garland","Na'Cole",0,0.862241703193488,1,1,1,0.702567313713212,1,1,1,0.862241703193488,1,1,1,0,1,0.468378209142142,1,1,0.862241703193488,NA,NA,NA,NA,NA,NA,NA,NA,NA,NA,NA,NA,NA,NA,NA,NA,NA,NA,NA,NA,NA,NA
2023-01-09,"11","East Garland","Na'Cole",0,0.902321038187823,1,1,1,0.790967021721941,1,1,1,0.902321038187823,1,1,1,0,1,0.265128610633053,1,1,0.902321038187823,NA,NA,NA,NA,NA,NA,NA,NA,NA,NA,NA,NA,NA,NA,NA,NA,NA,NA,NA,NA,NA,NA
2023-01-18,"11","East Garland","Na'Cole",0,0.92269223209801,1,1,1,0.836212356139853,1,1,1,0.92269223209801,1,1,1,0,1,0.51023126815313,1,1,0.92269223209801,NA,NA,NA,NA,NA,NA,NA,NA,NA,NA,NA,NA,NA,NA,NA,NA,NA,NA,NA,NA,NA,NA
2023-01-20,"11","East Garland","Na'Cole",0,0.94060093049405,1,1,1,0.874385574323482,1,1,1,0.94060093049405,1,1,1,0.269275781760308,1,0.633095082484254,1,1,0.94060093049405,NA,NA,NA,NA,NA,NA,NA,NA,NA,NA,NA,NA,NA,NA,NA,NA,NA,NA,NA,NA,NA,NA
2023-02-06,"11","East Garland","Na'Cole",0,0.944296593119722,1,1,1,0.883594162545061,1,1,1,0.944296593119722,1,1,1,0.463614813513976,1,0.699501689588621,1,1,0.944296593119722,NA,NA,NA,NA,NA,NA,NA,NA,NA,NA,NA,NA,NA,NA,NA,NA,NA,NA,NA,NA,NA,NA
2023-03-20,"11","East Garland","Na'Cole",0,0.950564001155912,1,1,1,0.898244235712585,1,1,1,0.950564001155912,1,1,1,0.613547861045214,1,0.765151114296265,1,0.581441876453386,0.950564001155912,NA,NA,NA,NA,NA,NA,NA,NA,NA,NA,NA,NA,NA,NA,NA,NA,NA,NA,NA,NA,NA,NA
2023-04-27,"11","East Garland","Na'Cole",0,0.967279006005499,1,1,1,0.93358334410478,1,1,1,0.967279006005499,1,1,1,0.778263473365423,1,0.858160712653474,1,0.939088611179468,1,1,0,1,1,3,NA,NA,NA,NA,NA,NA,NA,NA,NA,NA,NA,NA,NA,NA,NA,NA,NA
2023-05-01,"11","East Garland","Na'Cole",0,0.967279006005499,1,1,1,0.93358334410478,1,1,1,0.967279006005499,1,1,1,0.778263473365423,1,0.858160712653474,1,0.939088611179468,1,0.278463165315474,0.721536834684526,1,1,5.32146633768065,1,0.4,0.8,1,1,0,1,0,0.8,1,0.4,0.2,0.2,0.2,0.6,0,0
2023-05-11,"11","East Garland","Na'Cole",0,0.959674453543439,1,1,1,0.917707751126438,1,1,1,0.959674453543439,1,1,1,0.712464168747688,1,0.819334357398327,1,0.892264584839935,0.959674453543439,0.278463165315474,0.721536834684526,1,1,5.32146633768065,1,0.4,0.8,1,1,0,1,0,0.8,1,0.4,0.2,0.2,0.2,0.6,0,0
2023-05-17,"11","East Garland","Na'Cole",0,0.967279006005499,1,1,1,0.93358334410478,1,1,1,0.967279006005499,1,1,1,0.778263473365423,1,0.858160712653474,1,0.939088611179468,1,1,0,1,1,3.7,1,0.4,0.8,1,1,0,1,0,0.8,1,0.4,0.2,0.2,0.2,0.6,0,0
2023-06-01,"11","East Garland","Na'Cole",0,0.967279006005499,1,1,1,0.93358334410478,1,1,1,0.967279006005499,1,1,1,0.778263473365423,1,0.858160712653474,1,0.939088611179468,1,0.278463165315474,0.721536834684526,1,1,5.32146633768065,1,0.852459016393443,0.950819672131147,1,1,0.754098360655738,1,0,0.950819672131147,1,0.4,0.80327868852459,0.2,0.2,0.901639344262295,0.754098360655738,0.754098360655738
2023-07-01,"11","East Garland","Na'Cole",0,0.967279006005499,1,1,1,0.93358334410478,1,1,1,0.967279006005499,1,1,1,0.778263473365423,1,0.858160712653474,1,0.939088611179468,1,0.278463165315474,0.721536834684526,1,1,5.32146633768065,1,0.922636103151863,0.974212034383954,1,1,0.871060171919771,1,0.653295128939828,0.974212034383954,1,0.791977077363897,0.896848137535817,0.722636103151862,0.2,0.948424068767908,0.871060171919771,0.871060171919771
2023-07-10,"11","East Garland","Na'Cole",0,0.967279006005499,1,1,1,0.93358334410478,1,1,1,0.967279006005499,1,1,1,0.778263473365423,1,0.858160712653474,1,0.939088611179468,1,0.278463165315474,0.721536834684526,1,1,5.32146633768065,1,0.922636103151863,0.974212034383954,1,1,0.871060171919771,1,0.653295128939828,0.974212034383954,1,0.791977077363897,0.896848137535817,0.722636103151862,0.2,0.948424068767908,0.871060171919771,0.871060171919771
2023-07-13,"11","East Garland","Na'Cole",0,0.967279006005499,1,1,1,0.93358334410478,1,1,1,0.967279006005499,1,1,1,0.778263473365423,1,0.858160712653474,1,0.939088611179468,0.967279006005499,0.278463165315474,0.721536834684526,1,1,5.32146633768065,1,0.922636103151863,0.974212034383954,1,1,0.871060171919771,1,0.653295128939828,0.974212034383954,1,0.791977077363897,0.896848137535817,0.722636103151862,0.2,0.948424068767908,0.871060171919771,0.871060171919771
2023-08-16,"11","East Garland","Na'Cole",0,0.967279006005499,1,1,1,0.93358334410478,1,1,1,0.967279006005499,1,1,1,0.778263473365423,1,0.858160712653474,1,0.939088611179468,0.967279006005499,0.278463165315474,0.721536834684526,1,1,5.32146633768065,1,0.922636103151863,0.974212034383954,1,1,0.871060171919771,1,0.653295128939828,0.974212034383954,1,0.791977077363897,0.896848137535817,0.722636103151862,0.2,0.948424068767908,0.871060171919771,0.871060171919771
2023-08-16,"11","East Garland","Na'Cole",0,0.967279006005499,1,1,1,0.93358334410478,1,1,1,0.967279006005499,1,1,1,0.778263473365423,1,0.858160712653474,1,0.939088611179468,1,0.278463165315474,0.721536834684526,1,1,5.32146633768065,1,0.922636103151863,0.974212034383954,1,1,0.871060171919771,1,0.653295128939828,0.974212034383954,1,0.791977077363897,0.896848137535817,0.722636103151862,0.2,0.948424068767908,0.871060171919771,0.871060171919771
2023-08-16,"11","East Garland","Na'Cole",0,0.967279006005499,1,1,1,0.93358334410478,1,1,1,0.967279006005499,1,1,1,0.778263473365423,1,0.858160712653474,1,0.939088611179468,1,0.278463165315474,0.721536834684526,1,1,5.32146633768065,1,0.922636103151863,0.974212034383954,1,1,0.871060171919771,1,0.653295128939828,0.974212034383954,1,0.791977077363897,0.896848137535817,0.722636103151862,0.2,0.948424068767908,0.871060171919771,0.871060171919771
2022-11-28,"17","Northwest Highway","Cheryl",1,1,1,1,1,0,1,0,1,0,1,0,0,0,0,0,1,0,1,NA,NA,NA,NA,NA,NA,NA,NA,NA,NA,NA,NA,NA,NA,NA,NA,NA,NA,NA,NA,NA,NA
2022-12-05,"17","Northwest Highway","Cheryl",0.627118644067797,1,0.627118644067797,0.627118644067797,0.627118644067797,0.745762711864407,1,0.745762711864407,1,0.745762711864407,1,0.372881355932203,0.372881355932203,0,0.372881355932203,0,1,0,1,NA,NA,NA,NA,NA,NA,NA,NA,NA,NA,NA,NA,NA,NA,NA,NA,NA,NA,NA,NA,NA,NA
2022-12-14,"17","Northwest Highway","Cheryl",0.771386430678466,1,0.771386430678466,0.771386430678466,0.771386430678466,0.823008849557522,1,0.457227138643068,1,0.457227138643068,1,0.228613569321534,0.594395280235988,0,0.228613569321534,0,1,0,1,NA,NA,NA,NA,NA,NA,NA,NA,NA,NA,NA,NA,NA,NA,NA,NA,NA,NA,NA,NA,NA,NA
2022-12-19,"17","Northwest Highway","Cheryl",0.838420107719928,1,0.838420107719928,0.838420107719928,0.838420107719928,0.86983842010772,1,0.323159784560144,1,0.323159784560144,1,0.161579892280072,0.708258527827648,0,0.161579892280072,0,0.687612208258528,0,1,NA,NA,NA,NA,NA,NA,NA,NA,NA,NA,NA,NA,NA,NA,NA,NA,NA,NA,NA,NA,NA,NA
2023-01-09,"17","Northwest Highway","Cheryl",0.886607525533928,1,0.886607525533928,0.886607525533928,0.886607525533928,0.900532917135025,1,0.604759863819051,1,0.604759863819051,1,0.113392474466072,0.787140442668953,0,0.113392474466072,0,0.842510452130456,0,1,NA,NA,NA,NA,NA,NA,NA,NA,NA,NA,NA,NA,NA,NA,NA,NA,NA,NA,NA,NA,NA,NA
2023-02-07,"17","Northwest Highway","Cheryl",0.918862003293362,1,0.918862003293362,0.918862003293362,0.918862003293362,0.925466258839251,1,0.735282361064242,1,0.735282361064242,1,0.0811379967066377,0.844328262132614,0,0.0811379967066377,0,0.901386127079625,0,1,NA,NA,NA,NA,NA,NA,NA,NA,NA,NA,NA,NA,NA,NA,NA,NA,NA,NA,NA,NA,NA,NA
2023-02-27,"17","Northwest Highway","Cheryl",0.938172813395237,1,0.938172813395237,0.938172813395237,0.938172813395237,0.942255740812533,1,0.802235347619393,1,0.802235347619393,1,0.0618271866047631,0.472369122616333,0,0.0618271866047631,0,0.9279895120721,0.408059431591436,1,NA,NA,NA,NA,NA,NA,NA,NA,NA,NA,NA,NA,NA,NA,NA,NA,NA,NA,NA,NA,NA,NA
2023-04-27,"17","Northwest Highway","Cheryl",0.954380620801274,1,0.954380620801274,0.954380620801274,0.954380620801274,0.956061334771754,1,0.858683833141991,1,0.858683833141991,1,0.602175805423179,0.826115224326899,0,0.0456193791987257,0,0.950601500630966,0.640883157470582,1,0,0,0,0,2,NA,NA,NA,NA,NA,NA,NA,NA,NA,NA,NA,NA,NA,NA,NA,NA,NA
2023-05-01,"17","Northwest Highway","Cheryl",0.954380620801274,1,0.954380620801274,0.954380620801274,0.954380620801274,0.956061334771754,1,0.858683833141991,1,0.858683833141991,1,0.602175805423179,0.826115224326899,0,0.0456193791987257,0,0.950601500630966,0.640883157470582,1,0,0.889848812095032,0.889848812095032,0.756371490280778,2.75637149028078,0,0,0,0,0,0,0,0,1,0,0,0,0,0,0,0,0
2023-05-15,"17","Northwest Highway","Cheryl",0.954380620801274,1,0.954380620801274,0.954380620801274,0.954380620801274,0.956061334771754,1,0.858683833141991,1,0.858683833141991,1,0.602175805423179,0.826115224326899,0,0.0456193791987257,0,0.950601500630966,0.640883157470582,1,0,0.6875,0.6875,0,2,0,0,0,0,0,0,0,0,1,0,0,0,0,0,0,0,0
2023-05-22,"17","Northwest Highway","Cheryl",0.954380620801274,1,0.954380620801274,0.954380620801274,0.954380620801274,0.956061334771754,1,0.858683833141991,1,0.858683833141991,1,0.602175805423179,0.826115224326899,0,0.0456193791987257,0,0.950601500630966,0.640883157470582,1,0,0.6875,0.6875,0,2,0,0,0,0,0,0,0,0,1,0,0,0,0,0,0,0,0
2023-06-01,"17","Northwest Highway","Cheryl",0.954380620801274,1,0.954380620801274,0.954380620801274,0.954380620801274,0.956061334771754,1,0.858683833141991,1,0.858683833141991,1,0.602175805423179,0.826115224326899,0,0.0456193791987257,0,0.950601500630966,0.640883157470582,1,0,0.889848812095032,0.889848812095032,0.756371490280778,2.75637149028078,0.5,0.5,0.5,0.5,0,0,0.5,0,1,0.5,0,0,0,0,0,0,0
2023-07-01,"17","Northwest Highway","Cheryl",0.954380620801274,1,0.954380620801274,0.954380620801274,0.954380620801274,0.956061334771754,1,0.858683833141991,1,0.858683833141991,1,0.602175805423179,0.826115224326899,0,0.0456193791987257,0,0.950601500630966,0.640883157470582,1,0,0.889848812095032,0.889848812095032,0.756371490280778,2.75637149028078,0.5,0.5,0.5,0.5,0,0.375,0.5,0,1,0.5,0,0,0,0,0,0,0
2023-07-24,"17","Northwest Highway","Cheryl",0.954380620801274,1,0.954380620801274,0.954380620801274,0.954380620801274,0.956061334771754,1,0.858683833141991,1,0.858683833141991,1,0.602175805423179,0.826115224326899,0,0.0456193791987257,0,0.950601500630966,0.640883157470582,1,0,0.889848812095032,0.889848812095032,0.756371490280778,2.75637149028078,0.5,0.5,0.5,0.5,0,0.375,0.5,0,1,0.5,0,0,0,0,0,0,0
2023-08-16,"17","Northwest Highway","Cheryl",0.954380620801274,1,0.954380620801274,0.954380620801274,0.954380620801274,0.956061334771754,1,0.858683833141991,1,0.858683833141991,1,0.602175805423179,0.826115224326899,0,0.0456193791987257,0,0.950601500630966,0.640883157470582,1,0,0.889848812095032,0.889848812095032,0.756371490280778,2.75637149028078,0.5,0.5,0.5,0.5,0,0.375,0.5,0,1,0.5,0,0,0,0,0,0,0
2023-08-16,"17","Northwest Highway","Cheryl",0.954380620801274,1,0.954380620801274,0.954380620801274,0.954380620801274,0.956061334771754,1,0.858683833141991,1,0.858683833141991,1,0.602175805423179,0.826115224326899,0,0.0456193791987257,0,0.950601500630966,0.640883157470582,1,0,0.889848812095032,0.889848812095032,0.756371490280778,2.75637149028078,0.5,0.5,0.5,0.5,0,0.375,0.5,0,1,0.5,0,0,0,0,0,0,0
2023-08-16,"17","Northwest Highway","Cheryl",0.954380620801274,1,0.954380620801274,0.954380620801274,0.954380620801274,0.956061334771754,1,0.858683833141991,1,0.858683833141991,1,0.602175805423179,0.826115224326899,0,0.0456193791987257,0,0.950601500630966,0.640883157470582,1,0,0.889848812095032,0.889848812095032,0.756371490280778,2.75637149028078,0.5,0.5,0.5,0.5,0,0.375,0.5,0,1,0.5,0,0,0,0,0,0,0
2022-11-28,"24","North Dallas","Na'Cole",1,1,1,0,1,1,1,1,1,1,1,1,1,1,1,0,1,1,0,NA,NA,NA,NA,NA,NA,NA,NA,NA,NA,NA,NA,NA,NA,NA,NA,NA,NA,NA,NA,NA,NA
2022-12-05,"24","North Dallas","Na'Cole",1,1,0.405405405405405,0,1,1,1,1,1,1,1,1,1,1,1,0,1,1,0,NA,NA,NA,NA,NA,NA,NA,NA,NA,NA,NA,NA,NA,NA,NA,NA,NA,NA,NA,NA,NA,NA
2022-12-19,"24","North Dallas","Na'Cole",1,1,0.732540861812779,0.517087667161961,1,1,1,1,1,1,1,1,1,1,1,0,1,1,0.517087667161961,NA,NA,NA,NA,NA,NA,NA,NA,NA,NA,NA,NA,NA,NA,NA,NA,NA,NA,NA,NA,NA,NA
2023-01-03,"24","North Dallas","Na'Cole",0.531621790857859,1,0.371947401377583,0.234189104571071,1,1,1,1,1,1,1,1,1,1,1,0,1,1,0.702567313713212,NA,NA,NA,NA,NA,NA,NA,NA,NA,NA,NA,NA,NA,NA,NA,NA,NA,NA,NA,NA,NA,NA
2023-01-09,"24","North Dallas","Na'Cole",0.363691334480674,1,0.623517372901065,0.525838411088888,1,1,1,1,1,1,1,1,1,1,1,0,1,1,0.790967021721941,NA,NA,NA,NA,NA,NA,NA,NA,NA,NA,NA,NA,NA,NA,NA,NA,NA,NA,NA,NA,NA,NA
2023-01-18,"24","North Dallas","Na'Cole",0.277172370116398,1,0.743443034657465,0.666135266755476,1,1,1,1,1,1,1,1,1,1,1,0.340154178768754,1,1,0.836212356139853,NA,NA,NA,NA,NA,NA,NA,NA,NA,NA,NA,NA,NA,NA,NA,NA,NA,NA,NA,NA,NA,NA
2023-02-27,"24","North Dallas","Na'Cole",0.214294939195752,1,0.833034973129421,0.76844484048383,1,1,1,1,1,1,1,1,1,1,1,0.124482801098775,1,1,0.409815818270692,NA,NA,NA,NA,NA,NA,NA,NA,NA,NA,NA,NA,NA,NA,NA,NA,NA,NA,NA,NA,NA,NA
2023-05-01,"24","North Dallas","Na'Cole",0.105940543238281,1,0.923745782533863,0.890287833405422,1,1,1,1,1,1,1,1,1,1,1,0.743847939714114,1,1,1,0,1,1,1,7,NA,NA,NA,NA,NA,NA,NA,NA,NA,NA,NA,NA,NA,NA,NA,NA,NA
2023-05-01,"24","North Dallas","Na'Cole",0.105940543238281,1,0.923745782533863,0.890287833405422,1,1,1,1,1,1,1,1,1,1,1,0.743847939714114,1,1,1,0,1,1,1,4.95744680851064,1,1,0.8,1,0.4,0,0,0,0.6,1,0.4,0,0.8,0,0.2,0,0.8
2023-05-11,"24","North Dallas","Na'Cole",0.150423779310094,1,0.891341884643914,0.843943551659994,1,1,1,1,1,1,1,1,1,1,1,0.63190371322364,1,1,0.806861813879742,0,1,1,1,4.95744680851064,1,1,0.8,1,0.4,0,0,0,0.6,1,0.4,0,0.8,0,0.2,0,0.8
2023-05-18,"24","North Dallas","Na'Cole",0.105940543238281,1,0.923745782533863,0.890287833405422,1,1,1,1,1,1,1,1,1,1,1,0.743847939714114,1,1,0.866268547820584,0,1,1,1,4.95744680851064,1,1,0.8,1,0.4,0,0,0,0.6,1,0.4,0,0.8,0,0.2,0,0.8
2023-05-18,"24","North Dallas","Na'Cole",0.105940543238281,1,0.923745782533863,0.890287833405422,1,1,1,1,1,1,1,1,1,1,1,0.743847939714114,1,1,1,0,1,1,1,4.95744680851064,1,1,0.8,1,0.4,0,0,0,0.6,1,0.4,0,0.8,0,0.2,0,0.8
2023-06-01,"24","North Dallas","Na'Cole",0.105940543238281,1,0.923745782533863,0.890287833405422,1,1,1,1,1,1,1,1,1,1,1,0.743847939714114,1,1,1,0,1,1,1,4.95744680851064,1,1,0.950819672131147,1,0.852459016393443,0.754098360655738,0.754098360655738,0.754098360655738,0.901639344262295,1,0.4,0,0.950819672131147,0,0.0491803278688525,0,0.8
2023-08-16,"24","North Dallas","Na'Cole",0.105940543238281,1,0.923745782533863,0.890287833405422,1,1,1,1,1,1,1,1,1,1,1,0.743847939714114,1,1,0.866268547820584,0,1,1,1,4.95744680851064,1,1,0.950819672131147,1,0.852459016393443,0.754098360655738,0.754098360655738,0.754098360655738,0.901639344262295,1,0.4,0,0.950819672131147,0,0.0491803278688525,0,0.8
2023-08-16,"24","North Dallas","Na'Cole",0.105940543238281,1,0.923745782533863,0.890287833405422,1,1,1,1,1,1,1,1,1,1,1,0.743847939714114,1,1,1,0,1,1,1,4.95744680851064,1,1,0.950819672131147,1,0.852459016393443,0.754098360655738,0.754098360655738,0.754098360655738,0.901639344262295,1,0.4,0,0.950819672131147,0,0.0491803278688525,0,0.8
2023-08-16,"24","North Dallas","Na'Cole",0.105940543238281,1,0.923745782533863,0.890287833405422,1,1,1,1,1,1,1,1,1,1,1,0.743847939714114,1,1,1,0,1,1,1,4.95744680851064,1,1,0.950819672131147,1,0.852459016393443,0.754098360655738,0.754098360655738,0.754098360655738,0.901639344262295,1,0.4,0,0.950819672131147,0,0.0491803278688525,0,0.8
2022-11-28,"25","Ledbetter","Na'Cole",1,1,1,1,1,1,1,0,1,0,1,0,1,0,1,0,1,1,1,NA,NA,NA,NA,NA,NA,NA,NA,NA,NA,NA,NA,NA,NA,NA,NA,NA,NA,NA,NA,NA,NA
2022-12-05,"25","Ledbetter","Na'Cole",1,1,1,1,1,0.405405405405405,1,0,1,0,1,0,1,0,1,0,1,1,1,NA,NA,NA,NA,NA,NA,NA,NA,NA,NA,NA,NA,NA,NA,NA,NA,NA,NA,NA,NA,NA,NA
2022-12-15,"25","Ledbetter","Na'Cole",1,1,1,1,1,0.709969788519637,1,0.483383685800604,1,0.483383685800604,1,0,1,0,1,0.483383685800604,1,1,1,NA,NA,NA,NA,NA,NA,NA,NA,NA,NA,NA,NA,NA,NA,NA,NA,NA,NA,NA,NA,NA,NA
2022-12-19,"25","Ledbetter","Na'Cole",1,1,1,1,1,0.810073860165491,1,0.657077803076581,1,0.657077803076581,1,0,1,0,1,0.657077803076581,1,1,1,NA,NA,NA,NA,NA,NA,NA,NA,NA,NA,NA,NA,NA,NA,NA,NA,NA,NA,NA,NA,NA,NA
2023-01-04,"25","Ledbetter","Na'Cole",1,1,1,1,1,0.868467985406054,1,0.754642203545909,1,0.754642203545909,1,0,1,0,1,0.754642203545909,1,1,1,NA,NA,NA,NA,NA,NA,NA,NA,NA,NA,NA,NA,NA,NA,NA,NA,NA,NA,NA,NA,NA,NA
2023-01-09,"25","Ledbetter","Na'Cole",1,1,1,1,1,0.903376183076706,1,0.818618448933465,1,0.818618448933465,1,0,1,0,1,0.496539059189151,1,1,1,NA,NA,NA,NA,NA,NA,NA,NA,NA,NA,NA,NA,NA,NA,NA,NA,NA,NA,NA,NA,NA,NA
2023-01-13,"25","Ledbetter","Na'Cole",1,1,1,1,1,0.923981102903076,1,0.856685685800882,1,0.856685685800882,1,0,1,0.273668029548925,1,0.640631978262256,1,1,0.726331970451075,NA,NA,NA,NA,NA,NA,NA,NA,NA,NA,NA,NA,NA,NA,NA,NA,NA,NA,NA,NA,NA,NA
2023-01-23,"25","Ledbetter","Na'Cole",1,1,1,1,1,0.934565721639695,1,0.875582710159983,1,0.875582710159983,1,0,1,0.446698006939682,1,0.731176026882069,1,1,0.832488247397619,NA,NA,NA,NA,NA,NA,NA,NA,NA,NA,NA,NA,NA,NA,NA,NA,NA,NA,NA,NA,NA,NA
2023-01-30,"25","Ledbetter","Na'Cole",1,1,1,1,1,0.94506427347779,1,0.895058676258855,1,0.895058676258855,1,0,1,0.559210320717654,1,0.78671321561783,1,1,0.878111356778847,NA,NA,NA,NA,NA,NA,NA,NA,NA,NA,NA,NA,NA,NA,NA,NA,NA,NA,NA,NA,NA,NA
2023-02-06,"25","Ledbetter","Na'Cole",1,1,1,1,1,0.952735479249118,1,0.909363330795368,1,0.909363330795368,1,0,1,0.635004022050562,1,0.82362768850307,1,1,0.905470958498236,NA,NA,NA,NA,NA,NA,NA,NA,NA,NA,NA,NA,NA,NA,NA,NA,NA,NA,NA,NA,NA,NA
2023-04-26,"25","Ledbetter","Na'Cole",1,1,1,1,1,0.957977871489221,1,0.917599066439757,1,0.917599066439757,1,0.481853740256937,1,0.723579619354545,1,0.864841357652501,1,1,1,0,1,0,1,5,NA,NA,NA,NA,NA,NA,NA,NA,NA,NA,NA,NA,NA,NA,NA,NA,NA
2023-05-01,"25","Ledbetter","Na'Cole",1,1,1,1,1,0.957977871489221,1,0.917599066439757,1,0.917599066439757,1,0.481853740256937,1,0.723579619354545,1,0.864841357652501,1,1,1,0,1,0.89537925021796,1,7.8561464690497,0.833333333333333,0.833333333333333,0.833333333333333,1,0.833333333333333,0,0.833333333333333,0,0.833333333333333,0,0.833333333333333,0,0.833333333333333,0.833333333333333,0.833333333333333,0.833333333333333,0
2023-05-11,"25","Ledbetter","Na'Cole",1,1,1,1,1,0.957977871489221,1,0.917599066439757,1,0.917599066439757,1,0.481853740256937,1,0.723579619354545,1,0.864841357652501,1,1,0.945655593204105,0,1,0.89537925021796,1,7.8561464690497,0.833333333333333,0.833333333333333,0.833333333333333,1,0.833333333333333,0,0.833333333333333,0,0.833333333333333,0,0.833333333333333,0,0.833333333333333,0.833333333333333,0.833333333333333,0.833333333333333,0
2023-06-01,"25","Ledbetter","Na'Cole",1,1,1,1,1,0.957977871489221,1,0.917599066439757,1,0.917599066439757,1,0.481853740256937,1,0.723579619354545,1,0.864841357652501,1,1,1,0,1,0.89537925021796,1,7.8561464690497,0.833333333333333,0.833333333333333,0.833333333333333,1,0.833333333333333,0.628415300546448,0.833333333333333,0.628415300546448,0.833333333333333,0.502732240437158,0.833333333333333,0.251366120218579,0.833333333333333,0.833333333333333,0.833333333333333,0.204918032786885,0.628415300546448
2023-06-05,"25","Ledbetter","Na'Cole",1,1,1,1,1,0.957977871489221,1,0.917599066439757,1,0.917599066439757,1,0.481853740256937,1,0.723579619354545,1,0.864841357652501,1,1,1,0,1,0.785714285714286,1,8.14285714285714,0.833333333333333,0.833333333333333,0.833333333333333,1,0.833333333333333,0.628415300546448,0.833333333333333,0.628415300546448,0.833333333333333,0.502732240437158,0.833333333333333,0.251366120218579,0.833333333333333,0.833333333333333,0.833333333333333,0.204918032786885,0.628415300546448
2023-07-01,"25","Ledbetter","Na'Cole",1,1,1,1,1,0.957977871489221,1,0.917599066439757,1,0.917599066439757,1,0.481853740256937,1,0.723579619354545,1,0.864841357652501,1,1,1,0,1,0.89537925021796,1,7.8561464690497,0.972527472527473,0.972527472527473,0.972527472527473,1,0.972527472527473,0.865077615793948,0.972527472527473,0.865077615793948,0.972527472527473,0.828783441963958,0.972527472527473,0.756195094303977,0.972527472527473,0.972527472527473,0.972527472527473,0.79105660337752,0.865077615793948
2023-07-24,"25","Ledbetter","Na'Cole",1,1,1,1,1,0.957977871489221,1,0.917599066439757,1,0.917599066439757,1,0.481853740256937,1,0.723579619354545,1,0.864841357652501,1,1,1,0,1,0.89537925021796,1,7.8561464690497,0.972527472527473,0.972527472527473,0.972527472527473,1,0.972527472527473,0.865077615793948,0.972527472527473,0.865077615793948,0.972527472527473,0.828783441963958,0.972527472527473,0.756195094303977,0.972527472527473,0.972527472527473,0.972527472527473,0.79105660337752,0.865077615793948
2023-08-16,"25","Ledbetter","Na'Cole",1,1,1,1,1,0.957977871489221,1,0.917599066439757,1,0.917599066439757,1,0.481853740256937,1,0.723579619354545,1,0.864841357652501,1,1,0.945655593204105,0,1,0.89537925021796,1,7.8561464690497,0.972527472527473,0.972527472527473,0.972527472527473,1,0.972527472527473,0.865077615793948,0.972527472527473,0.865077615793948,0.972527472527473,0.828783441963958,0.972527472527473,0.756195094303977,0.972527472527473,0.972527472527473,0.972527472527473,0.79105660337752,0.865077615793948
2023-08-16,"25","Ledbetter","Na'Cole",1,1,1,1,1,0.957977871489221,1,0.917599066439757,1,0.917599066439757,1,0.481853740256937,1,0.723579619354545,1,0.864841357652501,1,1,1,0,1,0.89537925021796,1,7.8561464690497,0.972527472527473,0.972527472527473,0.972527472527473,1,0.972527472527473,0.865077615793948,0.972527472527473,0.865077615793948,0.972527472527473,0.828783441963958,0.972527472527473,0.756195094303977,0.972527472527473,0.972527472527473,0.972527472527473,0.79105660337752,0.865077615793948
2023-08-16,"25","Ledbetter","Na'Cole",1,1,1,1,1,0.957977871489221,1,0.917599066439757,1,0.917599066439757,1,0.481853740256937,1,0.723579619354545,1,0.864841357652501,1,1,1,0,1,0.89537925021796,1,7.8561464690497,0.972527472527473,0.972527472527473,0.972527472527473,1,0.972527472527473,0.865077615793948,0.972527472527473,0.865077615793948,0.972527472527473,0.828783441963958,0.972527472527473,0.756195094303977,0.972527472527473,0.972527472527473,0.972527472527473,0.79105660337752,0.865077615793948
2022-11-28,"26","John West/Buckner","Ana",1,1,1,1,1,0,1,0,1,0,1,1,1,0,0,0,1,1,1,NA,NA,NA,NA,NA,NA,NA,NA,NA,NA,NA,NA,NA,NA,NA,NA,NA,NA,NA,NA,NA,NA
2022-12-05,"26","John West/Buckner","Ana",1,1,1,1,1,0,1,0.594594594594595,1,0,1,1,1,0,0,0,1,1,1,NA,NA,NA,NA,NA,NA,NA,NA,NA,NA,NA,NA,NA,NA,NA,NA,NA,NA,NA,NA,NA,NA
2022-12-13,"26","John West/Buckner","Ana",1,1,1,1,1,0,1,0.303030303030303,1,0,1,1,1,0,0.464646464646465,0.464646464646465,1,1,1,NA,NA,NA,NA,NA,NA,NA,NA,NA,NA,NA,NA,NA,NA,NA,NA,NA,NA,NA,NA,NA,NA
2022-12-19,"26","John West/Buckner","Ana",1,1,1,0.622384126492017,1,0,1,0.572934428770733,1,0.377615873507983,1,1,1,0,0.647341497442257,0.647341497442257,1,1,1,NA,NA,NA,NA,NA,NA,NA,NA,NA,NA,NA,NA,NA,NA,NA,NA,NA,NA,NA,NA,NA,NA
2023-01-03,"26","John West/Buckner","Ana",1,1,1,0.804051694027244,1,0.391896611945512,1,0.721446035626965,1,0.587844917918268,1,1,1,0.391896611945512,0.751135172895564,0.751135172895564,1,1,0.608103388054488,NA,NA,NA,NA,NA,NA,NA,NA,NA,NA,NA,NA,NA,NA,NA,NA,NA,NA,NA,NA,NA,NA
2023-01-09,"26","John West/Buckner","Ana",1,1,1,0.863444083945953,1,0.561830054622366,1,0.796706230235328,1,0.698385970676414,1,1,1,0.561830054622366,0.81543389872274,0.81543389872274,1,1,0.765904143907347,NA,NA,NA,NA,NA,NA,NA,NA,NA,NA,NA,NA,NA,NA,NA,NA,NA,NA,NA,NA,NA,NA
2023-01-24,"26","John West/Buckner","Ana",1,1,1,0.899034285422308,1,0.657959906664623,1,0.838144874218657,1,0.758925621242314,1,1,1,0.657959906664623,0.849263365864459,0.849263365864459,1,1,0.856965237681604,NA,NA,NA,NA,NA,NA,NA,NA,NA,NA,NA,NA,NA,NA,NA,NA,NA,NA,NA,NA,NA,NA
2023-01-30,"26","John West/Buckner","Ana",1,1,1,0.922439193916621,1,0.733318954659761,1,0.87314688675374,1,0.81087976074314,1,1,1,0.733318954659761,0.881053823390007,0.881053823390007,1,1,0.894738906029699,NA,NA,NA,NA,NA,NA,NA,NA,NA,NA,NA,NA,NA,NA,NA,NA,NA,NA,NA,NA,NA,NA
2023-02-06,"26","John West/Buckner","Ana",1,1,1,0.93648255418948,1,0.778467681888263,1,0.894102006312544,1,0.841985127698784,1,1,1,0.778467681888263,0.90005822101126,0.90005822101126,1,1,0.917038438125035,NA,NA,NA,NA,NA,NA,NA,NA,NA,NA,NA,NA,NA,NA,NA,NA,NA,NA,NA,NA,NA,NA
2023-03-20,"26","John West/Buckner","Ana",1,1,1,0.944973775527091,1,0.798361486269919,1,0.90199420902723,1,0.853387710742828,1,1,1,0.798361486269919,0.905466101761831,0.905466101761831,1,1,0.935903518745842,NA,NA,NA,NA,NA,NA,NA,NA,NA,NA,NA,NA,NA,NA,NA,NA,NA,NA,NA,NA,NA,NA
2023-04-26,"26","John West/Buckner","Ana",1,1,1,0.944973775527091,1,0.798361486269919,1,0.90199420902723,1,0.853387710742828,1,1,1,0.798361486269919,0.905466101761831,0.905466101761831,1,1,1,0,0,1,0,5,NA,NA,NA,NA,NA,NA,NA,NA,NA,NA,NA,NA,NA,NA,NA,NA,NA
2023-05-01,"26","John West/Buckner","Ana",1,1,1,0.944973775527091,1,0.798361486269919,1,0.90199420902723,1,0.853387710742828,1,1,1,0.798361486269919,0.905466101761831,0.905466101761831,1,1,1,0.230179028132992,0,1,0.89002557544757,4.76982097186701,0.8,0.4,0.6,0.6,0.6,0,0,0,0.8,0.8,0,0.2,0.2,0.2,0.2,0,0.2
2023-06-01,"26","John West/Buckner","Ana",1,1,1,0.944973775527091,1,0.798361486269919,1,0.90199420902723,1,0.853387710742828,1,1,1,0.798361486269919,0.905466101761831,0.905466101761831,1,1,1,0.230179028132992,0,1,0.89002557544757,4.76982097186701,0.8,0.550819672131148,0.449180327868852,0.6,0.6,0.301639344262295,0,0,0.8,0.8,0,0.2,0.2,0.2,0.2,0,0.2
2023-06-12,"26","John West/Buckner","Ana",1,1,1,0.944973775527091,1,0.798361486269919,1,0.90199420902723,1,0.853387710742828,1,1,1,0.798361486269919,0.905466101761831,0.905466101761831,1,1,1,0.805194805194805,0,1,0.805194805194805,4.19480519480519,0.8,0.550819672131148,0.449180327868852,0.6,0.6,0.301639344262295,0,0,0.8,0.8,0,0.2,0.2,0.2,0.2,0,0.2
2023-07-01,"26","John West/Buckner","Ana",1,1,1,0.944973775527091,1,0.798361486269919,1,0.90199420902723,1,0.853387710742828,1,1,1,0.798361486269919,0.905466101761831,0.905466101761831,1,1,1,0.230179028132992,0,1,0.89002557544757,4.76982097186701,0.972527472527473,0.893253356004072,0.908760771224955,0.945054945054945,0.945054945054945,0.677624190518173,0.771702509524859,0.605035842858192,0.805860805860806,0.972527472527473,0.771702509524859,0.829486654701554,0.662819988034888,0.662819988034888,0.662819988034888,0.771702509524859,0.662819988034888
2023-07-10,"26","John West/Buckner","Ana",1,1,1,0.944973775527091,1,0.798361486269919,1,0.90199420902723,1,0.853387710742828,1,1,1,0.798361486269919,0.905466101761831,0.905466101761831,1,1,1,0.230179028132992,0,1,0.89002557544757,4.76982097186701,0.972527472527473,0.893253356004072,0.908760771224955,0.945054945054945,0.945054945054945,0.677624190518173,0.771702509524859,0.605035842858192,0.805860805860806,0.972527472527473,0.771702509524859,0.829486654701554,0.662819988034888,0.662819988034888,0.662819988034888,0.771702509524859,0.662819988034888
2023-08-16,"26","John West/Buckner","Ana",1,1,1,0.944973775527091,1,0.798361486269919,1,0.90199420902723,1,0.853387710742828,1,1,1,0.798361486269919,0.905466101761831,0.905466101761831,1,1,0.935903518745842,0.230179028132992,0,1,0.89002557544757,4.76982097186701,0.972527472527473,0.893253356004072,0.908760771224955,0.945054945054945,0.945054945054945,0.677624190518173,0.771702509524859,0.605035842858192,0.805860805860806,0.972527472527473,0.771702509524859,0.829486654701554,0.662819988034888,0.662819988034888,0.662819988034888,0.771702509524859,0.662819988034888
2023-08-16,"26","John West/Buckner","Ana",1,1,1,0.944973775527091,1,0.798361486269919,1,0.90199420902723,1,0.853387710742828,1,1,1,0.798361486269919,0.905466101761831,0.905466101761831,1,1,1,0.230179028132992,0,1,0.89002557544757,4.76982097186701,0.972527472527473,0.893253356004072,0.908760771224955,0.945054945054945,0.945054945054945,0.677624190518173,0.771702509524859,0.605035842858192,0.805860805860806,0.972527472527473,0.771702509524859,0.829486654701554,0.662819988034888,0.662819988034888,0.662819988034888,0.771702509524859,0.662819988034888
2023-08-16,"26","John West/Buckner","Ana",1,1,1,0.944973775527091,1,0.798361486269919,1,0.90199420902723,1,0.853387710742828,1,1,1,0.798361486269919,0.905466101761831,0.905466101761831,1,1,1,0.230179028132992,0,1,0.89002557544757,4.76982097186701,0.972527472527473,0.893253356004072,0.908760771224955,0.945054945054945,0.945054945054945,0.677624190518173,0.771702509524859,0.605035842858192,0.805860805860806,0.972527472527473,0.771702509524859,0.829486654701554,0.662819988034888,0.662819988034888,0.662819988034888,0.771702509524859,0.662819988034888
2022-11-28,"30","Duncanville","Cheryl",0,1,1,1,1,1,1,1,1,1,1,1,1,0,1,0,1,1,0,NA,NA,NA,NA,NA,NA,NA,NA,NA,NA,NA,NA,NA,NA,NA,NA,NA,NA,NA,NA,NA,NA
2022-12-05,"30","Duncanville","Cheryl",0,1,1,0.405405405405405,1,1,1,0.405405405405405,1,0.405405405405405,1,1,1,0,1,0,1,1,0,NA,NA,NA,NA,NA,NA,NA,NA,NA,NA,NA,NA,NA,NA,NA,NA,NA,NA,NA,NA,NA,NA
2022-12-13,"30","Duncanville","Cheryl",0,1,1,0.696969696969697,1,1,1,0.232323232323232,1,0.232323232323232,1,1,1,0,1,0,1,1,0,NA,NA,NA,NA,NA,NA,NA,NA,NA,NA,NA,NA,NA,NA,NA,NA,NA,NA,NA,NA,NA,NA
2022-12-19,"30","Duncanville","Cheryl",0,1,1,0.427065571229267,1,1,1,0.157339947294993,1,0.157339947294993,1,1,1,0,1,0,1,1,0.377615873507983,NA,NA,NA,NA,NA,NA,NA,NA,NA,NA,NA,NA,NA,NA,NA,NA,NA,NA,NA,NA,NA,NA
2023-01-04,"30","Duncanville","Cheryl",0,1,1,0.67455949220028,1,1,1,0.513112298608314,1,0.513112298608314,1,1,1,0,1,0,1,1,0.590931448373176,NA,NA,NA,NA,NA,NA,NA,NA,NA,NA,NA,NA,NA,NA,NA,NA,NA,NA,NA,NA,NA,NA
2023-01-09,"30","Duncanville","Cheryl",0,1,1,0.767841195096209,1,1,1,0.652147438499635,1,0.652147438499635,1,1,1,0,1,0,1,1,0.701875456685881,NA,NA,NA,NA,NA,NA,NA,NA,NA,NA,NA,NA,NA,NA,NA,NA,NA,NA,NA,NA,NA,NA
2023-01-20,"30","Duncanville","Cheryl",0,1,1,0.819441031382676,1,1,1,0.729003826102126,1,0.729003826102126,1,1,1,0.319544791991277,1,0,1,1,0.760498384762092,NA,NA,NA,NA,NA,NA,NA,NA,NA,NA,NA,NA,NA,NA,NA,NA,NA,NA,NA,NA,NA,NA
2023-01-30,"30","Duncanville","Cheryl",0,1,1,0.855681421234033,1,1,1,0.783253682113762,1,0.783253682113762,1,1,1,0.486714406888223,1,0,1,1,0.804806066022021,NA,NA,NA,NA,NA,NA,NA,NA,NA,NA,NA,NA,NA,NA,NA,NA,NA,NA,NA,NA,NA,NA
2023-02-06,"30","Duncanville","Cheryl",0,1,1,0.882435325245086,1,1,1,0.823392784362135,1,0.823392784362135,1,1,1,0.592550045717342,1,0.275531857453771,1,1,0.839347294490432,NA,NA,NA,NA,NA,NA,NA,NA,NA,NA,NA,NA,NA,NA,NA,NA,NA,NA,NA,NA,NA,NA
2023-02-13,"30","Duncanville","Cheryl",0,1,1,0.900630630844341,1,1,1,0.850706043527124,1,0.850706043527124,1,1,1,0.662143047864229,1,0.431015603838636,1,1,0.863064901103967,NA,NA,NA,NA,NA,NA,NA,NA,NA,NA,NA,NA,NA,NA,NA,NA,NA,NA,NA,NA,NA,NA
2023-05-01,"30","Duncanville","Cheryl",0,1,0.405959941961873,0.333751332544837,1,1,1,0.891569435824542,1,0.891569435824542,1,1,1,0.776962059223673,1,0.68911959726145,1,1,1,0,0,1,1,2,NA,NA,NA,NA,NA,NA,NA,NA,NA,NA,NA,NA,NA,NA,NA,NA,NA
2023-05-01,"30","Duncanville","Cheryl",0,1,0.405959941961873,0.333751332544837,1,1,1,0.891569435824542,1,0.891569435824542,1,1,1,0.776962059223673,1,0.68911959726145,1,1,1,0,0.791666666666667,1,1,0.416666666666667,1,1,1,1,0,0,0,0,0,1,0.5,0,0,0,0,0,0
2023-06-01,"30","Duncanville","Cheryl",0,1,0.405959941961873,0.333751332544837,1,1,1,0.891569435824542,1,0.891569435824542,1,1,1,0.776962059223673,1,0.68911959726145,1,1,1,0,0.791666666666667,1,1,0.416666666666667,1,1,1,1,0.377049180327869,0,0.377049180327869,0,0,1,0.877049180327869,0,0,0,0,0,0
2023-06-12,"30","Duncanville","Cheryl",0,1,0.405959941961873,0.333751332544837,1,1,1,0.891569435824542,1,0.891569435824542,1,1,1,0.776962059223673,1,0.68911959726145,1,1,1,0,0.791666666666667,1,1,0.416666666666667,1,1,1,1,0.377049180327869,0,0.377049180327869,0,0,1,0.877049180327869,0,0,0,0,0,0
2023-08-01,"30","Duncanville","Cheryl",0,1,0.405959941961873,0.333751332544837,1,1,1,0.891569435824542,1,0.891569435824542,1,1,1,0.776962059223673,1,0.68911959726145,1,1,0.894556706231342,0,0.791666666666667,1,1,0.416666666666667,1,1,1,1,0.377049180327869,0,0.377049180327869,0,0,1,0.877049180327869,0,0,0,0,0,0
2023-08-16,"30","Duncanville","Cheryl",0,1,0.405959941961873,0.333751332544837,1,1,1,0.891569435824542,1,0.891569435824542,1,1,1,0.776962059223673,1,0.68911959726145,1,1,0.894556706231342,0,0.791666666666667,1,1,0.416666666666667,1,1,1,1,0.377049180327869,0,0.377049180327869,0,0,1,0.877049180327869,0,0,0,0,0,0
2023-08-16,"30","Duncanville","Cheryl",0,1,0.405959941961873,0.333751332544837,1,1,1,0.891569435824542,1,0.891569435824542,1,1,1,0.776962059223673,1,0.68911959726145,1,1,1,0,0.791666666666667,1,1,0.416666666666667,1,1,1,1,0.377049180327869,0,0.377049180327869,0,0,1,0.877049180327869,0,0,0,0,0,0
2023-08-16,"30","Duncanville","Cheryl",0,1,0.405959941961873,0.333751332544837,1,1,1,0.891569435824542,1,0.891569435824542,1,1,1,0.776962059223673,1,0.68911959726145,1,1,1,0,0.791666666666667,1,1,0.416666666666667,1,1,1,1,0.377049180327869,0,0.377049180327869,0,0,1,0.877049180327869,0,0,0,0,0,0
2022-11-28,"32","West Garland","Ana",1,1,1,1,1,0,1,1,1,0,1,0,0,0,0,0,1,0,1,NA,NA,NA,NA,NA,NA,NA,NA,NA,NA,NA,NA,NA,NA,NA,NA,NA,NA,NA,NA,NA,NA
2022-12-05,"32","West Garland","Ana",1,1,1,1,1,0,1,1,1,0.594594594594595,1,0.594594594594595,0,0,0,0,1,0,0.405405405405405,NA,NA,NA,NA,NA,NA,NA,NA,NA,NA,NA,NA,NA,NA,NA,NA,NA,NA,NA,NA,NA,NA
2022-12-13,"32","West Garland","Ana",1,1,1,1,1,0,1,1,1,0.767676767676768,1,0.303030303030303,0,0,0,0,1,0,0.696969696969697,NA,NA,NA,NA,NA,NA,NA,NA,NA,NA,NA,NA,NA,NA,NA,NA,NA,NA,NA,NA,NA,NA
2022-12-19,"32","West Garland","Ana",1,1,1,1,1,0,1,1,1,0.842660052705007,1,0.19531855526275,0,0,0.377615873507983,0,1,0.377615873507983,0.80468144473725,NA,NA,NA,NA,NA,NA,NA,NA,NA,NA,NA,NA,NA,NA,NA,NA,NA,NA,NA,NA,NA,NA
2023-01-03,"32","West Garland","Ana",1,1,1,1,1,0.391896611945512,1,1,1,0.884736290604261,1,0.133601117708697,0.391896611945512,0,0.195948305972756,0,1,0.587844917918268,0.866398882291303,NA,NA,NA,NA,NA,NA,NA,NA,NA,NA,NA,NA,NA,NA,NA,NA,NA,NA,NA,NA,NA,NA
2023-01-20,"32","West Garland","Ana",1,1,1,1,1,0.578838793746111,1,1,1,0.91306551282912,1,0.0969105758626207,0.578838793746111,0,0.519880564414796,0,1,0.704616349652917,0.903089424137379,NA,NA,NA,NA,NA,NA,NA,NA,NA,NA,NA,NA,NA,NA,NA,NA,NA,NA,NA,NA,NA,NA
2023-01-30,"32","West Garland","Ana",1,1,1,1,1,0.683844336736059,1,1,1,0.932805862476805,1,0.0738189116452001,0.683844336736059,0,0.651005096593144,0.349409515120614,1,0.775794209136221,0.576771573234186,NA,NA,NA,NA,NA,NA,NA,NA,NA,NA,NA,NA,NA,NA,NA,NA,NA,NA,NA,NA,NA,NA
2023-03-20,"32","West Garland","Ana",1,1,1,1,1,0.755454962425898,1,1,1,0.944299739471353,1,0.0589494423928179,0.755454962425898,0.471595539142543,0.744454651798998,0.582125743629076,1,0.350594641086545,0.830520353120649,NA,NA,NA,NA,NA,NA,NA,NA,NA,NA,NA,NA,NA,NA,NA,NA,NA,NA,NA,NA,NA,NA
2023-05-01,"32","West Garland","Ana",1,1,1,1,1,0.755454962425898,1,1,1,0.944299739471353,1,0.0589494423928179,0.755454962425898,0.471595539142543,0.744454651798998,0.582125743629076,1,0.350594641086545,1,0,0,0,0,3,NA,NA,NA,NA,NA,NA,NA,NA,NA,NA,NA,NA,NA,NA,NA,NA,NA
2023-05-01,"32","West Garland","Ana",1,1,1,1,1,0.755454962425898,1,1,1,0.944299739471353,1,0.0589494423928179,0.755454962425898,0.471595539142543,0.744454651798998,0.582125743629076,1,0.350594641086545,1,0,0,0.875585284280936,0.705016722408027,2.12441471571906,0.333333333333333,0.333333333333333,0.333333333333333,1,1,0,0,0,0,0.666666666666667,1,0,0,0,0,0,0
2023-05-24,"32","West Garland","Ana",1,1,1,1,1,0.755454962425898,1,1,1,0.944299739471353,1,0.0589494423928179,0.755454962425898,0.471595539142543,0.744454651798998,0.582125743629076,1,0.350594641086545,1,0,0,0.716981132075472,0,2.28301886792453,0.333333333333333,0.333333333333333,0.333333333333333,1,1,0,0,0,0,0.666666666666667,1,0,0,0,0,0,0
2023-06-01,"32","West Garland","Ana",1,1,1,1,1,0.755454962425898,1,1,1,0.944299739471353,1,0.0589494423928179,0.755454962425898,0.471595539142543,0.744454651798998,0.582125743629076,1,0.350594641086545,1,0,0,0.875585284280936,0.705016722408027,2.12441471571906,0.333333333333333,0.333333333333333,0.333333333333333,1,1,0.251366120218579,0.251366120218579,0,0,0.666666666666667,1,0,0,0,0,0,0
2023-07-01,"32","West Garland","Ana",1,1,1,1,1,0.755454962425898,1,1,1,0.944299739471353,1,0.0589494423928179,0.755454962425898,0.471595539142543,0.744454651798998,0.582125743629076,1,0.350594641086545,1,0,0,0.875585284280936,0.705016722408027,2.12441471571906,0.89010989010989,0.611721611721612,0.672344847129947,1,1,0.84712994741648,0.84712994741648,0.774541599756499,0.774541599756499,0.10989010989011,0.503846678631779,0.774541599756499,0.774541599756499,0,0,0.774541599756499,0.774541599756499
2023-07-10,"32","West Garland","Ana",1,1,1,1,1,0.755454962425898,1,1,1,0.944299739471353,1,0.0589494423928179,0.755454962425898,0.471595539142543,0.744454651798998,0.582125743629076,1,0.350594641086545,1,0,0,0.875585284280936,0.705016722408027,2.12441471571906,0.89010989010989,0.611721611721612,0.672344847129947,1,1,0.84712994741648,0.84712994741648,0.774541599756499,0.774541599756499,0.10989010989011,0.503846678631779,0.774541599756499,0.774541599756499,0,0,0.774541599756499,0.774541599756499
2023-08-16,"32","West Garland","Ana",1,1,1,1,1,0.755454962425898,1,1,1,0.944299739471353,1,0.0589494423928179,0.755454962425898,0.471595539142543,0.744454651798998,0.582125743629076,1,0.350594641086545,0.830520353120649,0,0,0.875585284280936,0.705016722408027,2.12441471571906,0.89010989010989,0.611721611721612,0.672344847129947,1,1,0.84712994741648,0.84712994741648,0.774541599756499,0.774541599756499,0.10989010989011,0.503846678631779,0.774541599756499,0.774541599756499,0,0,0.774541599756499,0.774541599756499
2023-08-16,"32","West Garland","Ana",1,1,1,1,1,0.755454962425898,1,1,1,0.944299739471353,1,0.0589494423928179,0.755454962425898,0.471595539142543,0.744454651798998,0.582125743629076,1,0.350594641086545,1,0,0,0.875585284280936,0.705016722408027,2.12441471571906,0.89010989010989,0.611721611721612,0.672344847129947,1,1,0.84712994741648,0.84712994741648,0.774541599756499,0.774541599756499,0.10989010989011,0.503846678631779,0.774541599756499,0.774541599756499,0,0,0.774541599756499,0.774541599756499
2023-08-16,"32","West Garland","Ana",1,1,1,1,1,0.755454962425898,1,1,1,0.944299739471353,1,0.0589494423928179,0.755454962425898,0.471595539142543,0.744454651798998,0.582125743629076,1,0.350594641086545,1,0,0,0.875585284280936,0.705016722408027,2.12441471571906,0.89010989010989,0.611721611721612,0.672344847129947,1,1,0.84712994741648,0.84712994741648,0.774541599756499,0.774541599756499,0.10989010989011,0.503846678631779,0.774541599756499,0.774541599756499,0,0,0.774541599756499,0.774541599756499
2022-12-19,"34","Medical District","Na'Cole",1,1,1,1,1,0,1,0,1,0,1,1,1,0,1,0,1,0,0,NA,NA,NA,NA,NA,NA,NA,NA,NA,NA,NA,NA,NA,NA,NA,NA,NA,NA,NA,NA,NA,NA
2023-04-27,"34","Medical District","Na'Cole",1,1,1,1,1,0,1,0,1,0,1,1,1,0,1,0,1,0,1,0,0,0,1,1,NA,NA,NA,NA,NA,NA,NA,NA,NA,NA,NA,NA,NA,NA,NA,NA,NA
2023-05-01,"34","Medical District","Na'Cole",1,1,1,1,1,0,1,0,1,0,1,1,1,0,1,0,1,0,1,0,0,0,1,1,0.5,0,0,0,0,0,0,0,1,0,0,0,0,0,0,0,0
2023-06-01,"34","Medical District","Na'Cole",1,1,1,1,1,0,1,0,1,0,1,1,1,0,1,0,1,0,1,0,0,0,1,1,0.5,0,0,0,0,0,0,0,1,0,0,0,0,0,0,0,0
2023-06-12,"34","Medical District","Na'Cole",1,1,1,1,1,0,1,0,1,0,1,1,1,0,1,0,1,0,1,0,0,0,1,1,0.5,0,0,0,0,0,0,0,1,0,0,0,0,0,0,0,0
2023-08-16,"34","Medical District","Na'Cole",1,1,1,1,1,0,1,0,1,0,1,1,1,0,1,0,1,0,0,0,0,0,1,1,0.5,0,0,0,0,0,0,0,1,0,0,0,0,0,0,0,0
2023-08-16,"34","Medical District","Na'Cole",1,1,1,1,1,0,1,0,1,0,1,1,1,0,1,0,1,0,1,0,0,0,1,1,0.5,0,0,0,0,0,0,0,1,0,0,0,0,0,0,0,0
2023-08-16,"34","Medical District","Na'Cole",1,1,1,1,1,0,1,0,1,0,1,1,1,0,1,0,1,0,1,0,0,0,1,1,0.5,0,0,0,0,0,0,0,1,0,0,0,0,0,0,0,0
2022-11-28,"37","Abrams Road","Ana",1,0,1,1,1,1,1,0,1,0,1,1,1,0,0,0,1,1,1,NA,NA,NA,NA,NA,NA,NA,NA,NA,NA,NA,NA,NA,NA,NA,NA,NA,NA,NA,NA,NA,NA
2022-12-05,"37","Abrams Road","Ana",1,0.594594594594595,1,1,1,1,1,0.594594594594595,1,0.594594594594595,1,1,1,0,0.594594594594595,0,1,0.405405405405405,1,NA,NA,NA,NA,NA,NA,NA,NA,NA,NA,NA,NA,NA,NA,NA,NA,NA,NA,NA,NA,NA,NA
2022-12-13,"37","Abrams Road","Ana",1,0.767676767676768,1,1,1,1,1,0.303030303030303,1,0.303030303030303,1,1,1,0,0.767676767676768,0,1,0.696969696969697,0.535353535353535,NA,NA,NA,NA,NA,NA,NA,NA,NA,NA,NA,NA,NA,NA,NA,NA,NA,NA,NA,NA,NA,NA
2022-12-19,"37","Abrams Road","Ana",1,0.842660052705007,1,1,1,1,1,0.572934428770733,1,0.572934428770733,1,1,1,0,0.842660052705007,0,1,0.80468144473725,0.730274376065726,NA,NA,NA,NA,NA,NA,NA,NA,NA,NA,NA,NA,NA,NA,NA,NA,NA,NA,NA,NA,NA,NA
2023-01-03,"37","Abrams Road","Ana",1,0.884736290604261,1,1,1,1,1,0.721446035626965,1,0.721446035626965,1,1,1,0,0.884736290604261,0,1,0.866398882291303,0.836709745022703,NA,NA,NA,NA,NA,NA,NA,NA,NA,NA,NA,NA,NA,NA,NA,NA,NA,NA,NA,NA,NA,NA
2023-01-09,"37","Abrams Road","Ana",0.672265801470286,0.913754158281654,1,1,1,1,1,0.796706230235328,1,0.796706230235328,1,1,1,0.327734198529714,0.913754158281654,0.327734198529714,1,0.901679740441086,0.882952071953674,NA,NA,NA,NA,NA,NA,NA,NA,NA,NA,NA,NA,NA,NA,NA,NA,NA,NA,NA,NA,NA,NA
2023-01-24,"37","Abrams Road","Ana",0.485074855653773,0.928482618840802,1,1,1,1,1,0.838144874218657,1,0.838144874218657,1,1,1,0.514925144346226,0.928482618840802,0.514925144346226,1,0.920780747023657,0.909662255377855,NA,NA,NA,NA,NA,NA,NA,NA,NA,NA,NA,NA,NA,NA,NA,NA,NA,NA,NA,NA,NA,NA
2023-04-27,"37","Abrams Road","Ana",0.485074855653773,0.928482618840802,1,1,1,1,1,0.838144874218657,1,0.838144874218657,1,1,1,0.514925144346226,0.928482618840802,0.514925144346226,1,0.920780747023657,0,1,0,0,1,2,NA,NA,NA,NA,NA,NA,NA,NA,NA,NA,NA,NA,NA,NA,NA,NA,NA
2023-05-01,"37","Abrams Road","Ana",0.485074855653773,0.928482618840802,1,1,1,1,1,0.838144874218657,1,0.838144874218657,1,1,1,0.514925144346226,0.928482618840802,0.514925144346226,1,0.920780747023657,0.782608695652174,1,0,0,1,2.78260869565217,1,0.75,0.75,1,0.75,0.25,0.5,0,0.25,0.75,0,0,0.25,0.25,0.25,0,0
2023-06-01,"37","Abrams Road","Ana",0.485074855653773,0.928482618840802,1,1,1,1,1,0.838144874218657,1,0.838144874218657,1,1,1,0.514925144346226,0.928482618840802,0.514925144346226,1,0.920780747023657,0.782608695652174,1,0,0,1,2.78260869565217,1,0.75,0.75,1,0.75,0.438524590163934,0.5,0,0.438524590163934,0.561475409836066,0,0,0.25,0.0614754098360656,0.25,0,0
2023-06-05,"37","Abrams Road","Ana",0.485074855653773,0.928482618840802,1,1,1,1,1,0.838144874218657,1,0.838144874218657,1,1,1,0.514925144346226,0.928482618840802,0.514925144346226,1,0.920780747023657,0.782608695652174,1,0,0,1,2.78260869565217,1,0.75,0.75,1,0.75,0.438524590163934,0.5,0,0.438524590163934,0.561475409836066,0,0,0.25,0.0614754098360656,0.25,0,0
2023-08-16,"37","Abrams Road","Ana",0.485074855653773,0.928482618840802,1,1,1,1,1,0.838144874218657,1,0.838144874218657,1,1,1,0.514925144346226,0.928482618840802,0.514925144346226,1,0.920780747023657,0.909662255377855,1,0,0,1,2.78260869565217,1,0.75,0.75,1,0.75,0.438524590163934,0.5,0,0.438524590163934,0.561475409836066,0,0,0.25,0.0614754098360656,0.25,0,0
2023-08-16,"37","Abrams Road","Ana",0.485074855653773,0.928482618840802,1,1,1,1,1,0.838144874218657,1,0.838144874218657,1,1,1,0.514925144346226,0.928482618840802,0.514925144346226,1,0.920780747023657,0.782608695652174,1,0,0,1,2.78260869565217,1,0.75,0.75,1,0.75,0.438524590163934,0.5,0,0.438524590163934,0.561475409836066,0,0,0.25,0.0614754098360656,0.25,0,0
2023-08-16,"37","Abrams Road","Ana",0.485074855653773,0.928482618840802,1,1,1,1,1,0.838144874218657,1,0.838144874218657,1,1,1,0.514925144346226,0.928482618840802,0.514925144346226,1,0.920780747023657,0.782608695652174,1,0,0,1,2.78260869565217,1,0.75,0.75,1,0.75,0.438524590163934,0.5,0,0.438524590163934,0.561475409836066,0,0,0.25,0.0614754098360656,0.25,0,0
2023-04-27,"42","Fruitdale","Heather",0,0.564896990169054,0.814116250537754,1,0.901471455203072,0.912644795334682,0.912644795334682,0.912644795334682,0.912644795334682,0.912644795334682,0.912644795334682,0.814116250537754,0.912644795334682,0,0,0,0.912644795334682,0.912644795334682,0,0,0,1,1,0,NA,NA,NA,NA,NA,NA,NA,NA,NA,NA,NA,NA,NA,NA,NA,NA,NA
2023-05-01,"42","Fruitdale","Heather",0,0.564896990169054,0.814116250537754,1,0.901471455203072,0.912644795334682,0.912644795334682,0.912644795334682,0.912644795334682,0.912644795334682,0.912644795334682,0.814116250537754,0.912644795334682,0,0,0,0.912644795334682,0.912644795334682,0.878392668311597,0,0.878392668311597,1,1,0,0,0,0,0,0,0,0,0,0.5,0,0.5,0.5,0.5,0,0,0,0
2023-05-11,"42","Fruitdale","Heather",0,0,0,1,1,0,0,0,0,0,0,0,0,0,0,0,0,0,1,0,0.878392668311597,1,1,0,0,0,0,0,0,0,0,0,0.5,0,0.5,0.5,0.5,0,0,0,0
2023-05-17,"42","Fruitdale","Heather",0,0.564896990169054,0.814116250537754,1,0.901471455203072,0.912644795334682,0.912644795334682,0.912644795334682,0.912644795334682,0.912644795334682,0.912644795334682,0.814116250537754,0.912644795334682,0,0,0,0.912644795334682,0.912644795334682,0.7,0,0.7,1,1,0,0,0,0,0,0,0,0,0,0.5,0,0.5,0.5,0.5,0,0,0,0
2023-05-22,"42","Fruitdale","Heather",0,0,0,1,0.365853658536585,0.634146341463415,0.634146341463415,0.634146341463415,0.634146341463415,0.634146341463415,0.634146341463415,0,0.634146341463415,0,0,0,0.634146341463415,0.634146341463415,1,0,0.7,1,1,0,0,0,0,0,0,0,0,0,0.5,0,0.5,0.5,0.5,0,0,0,0
2023-06-01,"42","Fruitdale","Heather",0,0.564896990169054,0.814116250537754,1,0.901471455203072,0.912644795334682,0.912644795334682,0.912644795334682,0.912644795334682,0.912644795334682,0.912644795334682,0.814116250537754,0.912644795334682,0,0,0,0.912644795334682,0.912644795334682,0.878392668311597,0,0.878392668311597,1,1,0,0.377049180327869,0.377049180327869,0.377049180327869,0,0.377049180327869,0.377049180327869,0.377049180327869,0,0.5,0.377049180327869,0.5,0.5,0.5,0,0.377049180327869,0.377049180327869,0.377049180327869
2023-07-01,"42","Fruitdale","Heather",0,0.564896990169054,0.814116250537754,1,0.901471455203072,0.912644795334682,0.912644795334682,0.912644795334682,0.912644795334682,0.912644795334682,0.912644795334682,0.814116250537754,0.912644795334682,0,0,0,0.912644795334682,0.912644795334682,0.878392668311597,0,0.878392668311597,1,1,0,0.794631597910286,0.794631597910286,0.794631597910286,0.417582417582418,0.794631597910286,0.794631597910286,0.794631597910286,0.417582417582418,0.917582417582418,0.794631597910286,0.917582417582418,0.917582417582418,0.917582417582418,0.417582417582418,0.794631597910286,0.794631597910286,0.794631597910286
2023-07-10,"42","Fruitdale","Heather",0,0.564896990169054,0.814116250537754,1,0.901471455203072,0.912644795334682,0.912644795334682,0.912644795334682,0.912644795334682,0.912644795334682,0.912644795334682,0.814116250537754,0.912644795334682,0,0,0,0.912644795334682,0.912644795334682,0.878392668311597,0,0.878392668311597,1,1,0,0.794631597910286,0.794631597910286,0.794631597910286,0.417582417582418,0.794631597910286,0.794631597910286,0.794631597910286,0.417582417582418,0.917582417582418,0.794631597910286,0.917582417582418,0.917582417582418,0.917582417582418,0.417582417582418,0.794631597910286,0.794631597910286,0.794631597910286
2023-07-13,"42","Fruitdale","Heather",0,0,0.706120794487232,1,0.841913254965545,0.864207539521686,0.864207539521686,0.864207539521686,0.864207539521686,0.864207539521686,0.864207539521686,0.706120794487232,0.864207539521686,0,0,0,0.864207539521686,0.864207539521686,1,0,0.878392668311597,1,1,0,0.794631597910286,0.794631597910286,0.794631597910286,0.417582417582418,0.794631597910286,0.794631597910286,0.794631597910286,0.417582417582418,0.917582417582418,0.794631597910286,0.917582417582418,0.917582417582418,0.917582417582418,0.417582417582418,0.794631597910286,0.794631597910286,0.794631597910286
2023-08-01,"42","Fruitdale","Heather",0,0.564896990169054,0.814116250537754,1,0.901471455203072,0.912644795334682,0.912644795334682,0.912644795334682,0.912644795334682,0.912644795334682,0.912644795334682,0.814116250537754,0.912644795334682,0,0,0,0.912644795334682,0.912644795334682,1,0,0.878392668311597,1,1,0,0.794631597910286,0.794631597910286,0.794631597910286,0.417582417582418,0.794631597910286,0.794631597910286,0.794631597910286,0.417582417582418,0.917582417582418,0.794631597910286,0.917582417582418,0.917582417582418,0.917582417582418,0.417582417582418,0.794631597910286,0.794631597910286,0.794631597910286
2023-08-16,"42","Fruitdale","Heather",0,0.564896990169054,0.814116250537754,1,0.901471455203072,0.912644795334682,0.912644795334682,0.912644795334682,0.912644795334682,0.912644795334682,0.912644795334682,0.814116250537754,0.912644795334682,0,0,0,0.912644795334682,0.912644795334682,1,0,0.878392668311597,1,1,0,0.794631597910286,0.794631597910286,0.794631597910286,0.417582417582418,0.794631597910286,0.794631597910286,0.794631597910286,0.417582417582418,0.917582417582418,0.794631597910286,0.917582417582418,0.917582417582418,0.917582417582418,0.417582417582418,0.794631597910286,0.794631597910286,0.794631597910286
2023-08-16,"42","Fruitdale","Heather",0,0.564896990169054,0.814116250537754,1,0.901471455203072,0.912644795334682,0.912644795334682,0.912644795334682,0.912644795334682,0.912644795334682,0.912644795334682,0.814116250537754,0.912644795334682,0,0,0,0.912644795334682,0.912644795334682,0.878392668311597,0,0.878392668311597,1,1,0,0.794631597910286,0.794631597910286,0.794631597910286,0.417582417582418,0.794631597910286,0.794631597910286,0.794631597910286,0.417582417582418,0.917582417582418,0.794631597910286,0.917582417582418,0.917582417582418,0.917582417582418,0.417582417582418,0.794631597910286,0.794631597910286,0.794631597910286
2023-08-16,"42","Fruitdale","Heather",0,0.564896990169054,0.814116250537754,1,0.901471455203072,0.912644795334682,0.912644795334682,0.912644795334682,0.912644795334682,0.912644795334682,0.912644795334682,0.814116250537754,0.912644795334682,0,0,0,0.912644795334682,0.912644795334682,0.878392668311597,0,0.878392668311597,1,1,0,0.794631597910286,0.794631597910286,0.794631597910286,0.417582417582418,0.794631597910286,0.794631597910286,0.794631597910286,0.417582417582418,0.917582417582418,0.794631597910286,0.917582417582418,0.917582417582418,0.917582417582418,0.417582417582418,0.794631597910286,0.794631597910286,0.794631597910286
