Date,Clinic,Site,CSAT,CSAT (n),CSAT Points,Running CSAT Points,Running CSAT n,Running CSAT Average
2021-10-01T00:00:00Z,MLK Center,1,7,5,35,1116.77,172,6.492848837209302
2021-10-01T00:00:00Z,Westmoreland,3,6.58,72,473.76,8971.949999999999,1371,6.544091903719912
2021-10-01T00:00:00Z,Lake June,5,6.64,135,896.4,17528.03,2697,6.499084167593622
2021-10-01T00:00:00Z,Grand Prairie,8,6.52,61,397.71999999999997,11186.43,1704,6.564806338028169
2021-10-01T00:00:00Z,Irving,9,6.71,162,1087.02,16557.039999999997,2508,6.601690590111642
2021-10-01T00:00:00Z,Highland Hills,10,7,1,7,1868.18,282,6.6247517730496455
2021-10-01T00:00:00Z,East Garland,11,6.69,81,541.89,10700.23,1637,6.536487477092241
2021-10-01T00:00:00Z,Northwest Highway,17,6.45,66,425.7,8164.6100000000015,1263,6.464457640538402
2021-10-01T00:00:00Z,North Dallas,24,6.62,141,933.42,13963.480000000001,2126,6.567958607714018
2021-10-01T00:00:00Z,Ledbetter,25,6.65,124,824.6,16886.930000000004,2574,6.560578865578867
2021-10-01T00:00:00Z,John West/Buckner,26,6.68,75,501,9892.189999999999,1536,6.440227864583332
2021-10-01T00:00:00Z,Duncanville,30,6.82,55,375.1,7177.679999999999,1096,6.54897810218978
2021-10-01T00:00:00Z,West Garland,32,6.48,92,596.1600000000001,10626.72,1634,6.503500611995103
2021-10-01T00:00:00Z,Medical District,34,6.89,9,62.01,838.41,124,6.761370967741935
2021-10-01T00:00:00Z,Abrams Road,37,6.61,75,495.75,9748.310000000001,1467,6.6450647580095445
2021-10-01T00:00:00Z,Mesquite,39,6.62,52,344.24,7322.42,1132,6.468568904593639
2021-10-01T00:00:00Z,Fruitdale,42,0,0,0,0,0,NA
2021-11-01T00:00:00Z,MLK Center,1,6.91,11,76.01,1151.77,177,6.5071751412429375
2021-11-01T00:00:00Z,Westmoreland,3,6.52,52,339.03999999999996,9445.71,1443,6.545883575883575
2021-11-01T00:00:00Z,Lake June,5,6.52,89,580.28,18424.43,2832,6.505801553672317
2021-11-01T00:00:00Z,Grand Prairie,8,6.7,63,422.1,11584.15,1765,6.563257790368271
2021-11-01T00:00:00Z,Irving,9,6.72,123,826.56,17644.059999999998,2670,6.608262172284643
2021-11-01T00:00:00Z,Highland Hills,10,7,3,21,1875.18,283,6.626077738515901
2021-11-01T00:00:00Z,East Garland,11,6.44,64,412.16,11242.119999999999,1718,6.543725261932479
2021-11-01T00:00:00Z,Northwest Highway,17,6.32,59,372.88,8590.310000000001,1329,6.463739653875095
2021-11-01T00:00:00Z,North Dallas,24,6.55,86,563.3,14896.900000000001,2267,6.571195412439348
2021-11-01T00:00:00Z,Ledbetter,25,6.62,85,562.7,17711.530000000002,2698,6.564688658265383
2021-11-01T00:00:00Z,John West/Buckner,26,6.66,62,412.92,10393.189999999999,1611,6.451390440720049
2021-11-01T00:00:00Z,Duncanville,30,6.88,42,288.96,7552.78,1151,6.561928757602085
2021-11-01T00:00:00Z,West Garland,32,6.69,65,434.85,11222.88,1726,6.502247972190034
2021-11-01T00:00:00Z,Medical District,34,6.75,8,54,900.42,133,6.770075187969924
2021-11-01T00:00:00Z,Abrams Road,37,6.73,62,417.26000000000005,10244.060000000001,1542,6.6433592736705585
2021-11-01T00:00:00Z,Mesquite,39,6.64,42,278.88,7666.66,1184,6.475219594594594
2021-11-01T00:00:00Z,Fruitdale,42,0,0,0,0,0,NA
2021-12-01T00:00:00Z,MLK Center,1,6.83,6,40.980000000000004,1227.78,188,6.530744680851064
2021-12-01T00:00:00Z,Westmoreland,3,6.7,50,335,9784.75,1495,6.544983277591974
2021-12-01T00:00:00Z,Lake June,5,6.61,110,727.1,19004.71,2921,6.506234166381376
2021-12-01T00:00:00Z,Grand Prairie,8,6.64,53,351.91999999999996,12006.25,1828,6.5679704595186
2021-12-01T00:00:00Z,Irving,9,6.79,112,760.48,18470.62,2793,6.613182957393484
2021-12-01T00:00:00Z,Highland Hills,10,0,0,0,1896.18,286,6.63
2021-12-01T00:00:00Z,East Garland,11,6.54,57,372.78000000000003,11654.279999999999,1782,6.539999999999999
2021-12-01T00:00:00Z,Northwest Highway,17,6.53,47,306.91,8963.19,1388,6.457629682997118
2021-12-01T00:00:00Z,North Dallas,24,6.81,98,667.38,15460.2,2353,6.570420739481513
2021-12-01T00:00:00Z,Ledbetter,25,6.69,84,561.96,18274.230000000003,2783,6.566378009342437
2021-12-01T00:00:00Z,John West/Buckner,26,6.75,65,438.75,10806.109999999999,1673,6.459121338912134
2021-12-01T00:00:00Z,Duncanville,30,6.78,41,277.98,7841.74,1193,6.573126571668063
2021-12-01T00:00:00Z,West Garland,32,6.54,56,366.24,11657.73,1791,6.509061976549414
2021-12-01T00:00:00Z,Medical District,34,6.8,5,34,954.42,141,6.768936170212766
2021-12-01T00:00:00Z,Abrams Road,37,6.77,44,297.88,10661.320000000002,1604,6.646708229426435
2021-12-01T00:00:00Z,Mesquite,39,6.11,37,226.07000000000002,7945.54,1226,6.480864600326265
2021-12-01T00:00:00Z,Fruitdale,42,0,0,0,0,0,NA
2022-01-01T00:00:00Z,MLK Center,1,6.5,8,52,1268.76,194,6.54
2022-01-01T00:00:00Z,Westmoreland,3,6.66,47,313.02,10119.75,1545,6.55
2022-01-01T00:00:00Z,Lake June,5,6.44,136,875.84,19731.809999999998,3031,6.509999999999999
2022-01-01T00:00:00Z,Grand Prairie,8,6.5,88,572,12358.17,1881,6.57
2022-01-01T00:00:00Z,Irving,9,6.66,164,1092.24,19231.1,2905,6.619999999999999
2022-01-01T00:00:00Z,Highland Hills,10,7,2,14,1896.18,286,6.63
2022-01-01T00:00:00Z,East Garland,11,6.41,70,448.7,12027.06,1839,6.54
2022-01-01T00:00:00Z,Northwest Highway,17,6.63,56,371.28,9270.1,1435,6.46
2022-01-01T00:00:00Z,North Dallas,24,6.6,112,739.1999999999999,16127.58,2451,6.58
2022-01-01T00:00:00Z,Ledbetter,25,6.68,110,734.8,18836.190000000002,2867,6.570000000000001
2022-01-01T00:00:00Z,John West/Buckner,26,6.38,73,465.74,11244.859999999999,1738,6.469999999999999
2022-01-01T00:00:00Z,Duncanville,30,6.69,48,321.12,8119.72,1234,6.58
2022-01-01T00:00:00Z,West Garland,32,6.55,98,641.9,12023.97,1847,6.51
2022-01-01T00:00:00Z,Medical District,34,7,4,28,988.42,146,6.77
2022-01-01T00:00:00Z,Abrams Road,37,6.68,77,514.36,10959.2,1648,6.65
2022-01-01T00:00:00Z,Mesquite,39,6.23,47,292.81,8171.61,1263,6.47
2022-01-01T00:00:00Z,Fruitdale,42,0,0,0,0,0,NA
2022-02-01T00:00:00Z,MLK Center,1,7,6,42,1310.76,200,6.5538
2022-02-01T00:00:00Z,Westmoreland,3,6.66,44,293.04,10412.79,1589,6.553045940843298
2022-02-01T00:00:00Z,Lake June,5,6.53,120,783.6,20515.409999999996,3151,6.510761662964137
2022-02-01T00:00:00Z,Grand Prairie,8,6.69,58,388.02000000000004,12746.19,1939,6.573589479112945
2022-02-01T00:00:00Z,Irving,9,6.61,102,674.22,19905.32,3007,6.619660791486531
2022-02-01T00:00:00Z,Highland Hills,10,6.86,7,48.02,1944.2,293,6.635494880546076
2022-02-01T00:00:00Z,East Garland,11,6.61,44,290.84000000000003,12317.9,1883,6.541635687732342
2022-02-01T00:00:00Z,Northwest Highway,17,6.32,38,240.16000000000003,9510.26,1473,6.456388323150034
2022-02-01T00:00:00Z,North Dallas,24,6.67,82,546.9399999999999,16674.52,2533,6.5829135412554285
2022-02-01T00:00:00Z,Ledbetter,25,6.58,81,532.98,19369.170000000002,2948,6.570274762550882
2022-02-01T00:00:00Z,John West/Buckner,26,6.74,50,337,11581.859999999999,1788,6.477550335570469
2022-02-01T00:00:00Z,Duncanville,30,6.9,40,276,8395.720000000001,1274,6.590047095761382
2022-02-01T00:00:00Z,West Garland,32,6.63,63,417.69,12441.66,1910,6.513958115183246
2022-02-01T00:00:00Z,Medical District,34,6.83,6,40.980000000000004,1029.3999999999999,152,6.77236842105263
2022-02-01T00:00:00Z,Abrams Road,37,6.77,52,352.03999999999996,11311.240000000002,1700,6.653670588235295
2022-02-01T00:00:00Z,Mesquite,39,6.18,34,210.12,8381.73,1297,6.462397841171935
2022-02-01T00:00:00Z,Fruitdale,42,0,0,0,0,0,NA
2022-03-01T00:00:00Z,MLK Center,1,6.5,16,104,1414.76,216,6.549814814814815
2022-03-01T00:00:00Z,Westmoreland,3,6.6,58,382.79999999999995,10795.59,1647,6.554699453551913
2022-03-01T00:00:00Z,Lake June,5,6.63,123,815.49,21330.899999999998,3274,6.515241295051924
2022-03-01T00:00:00Z,Grand Prairie,8,6.58,74,486.92,13233.11,2013,6.573825136612022
2022-03-01T00:00:00Z,Irving,9,6.68,149,995.3199999999999,20900.64,3156,6.622509505703422
2022-03-01T00:00:00Z,Highland Hills,10,7,2,14,1958.2,295,6.637966101694915
2022-03-01T00:00:00Z,East Garland,11,6.61,71,469.31,12787.21,1954,6.544119754350051
2022-03-01T00:00:00Z,Northwest Highway,17,6.52,54,352.08,9862.34,1527,6.458637851997381
2022-03-01T00:00:00Z,North Dallas,24,6.53,102,666.0600000000001,17340.58,2635,6.580865275142315
2022-03-01T00:00:00Z,Ledbetter,25,6.59,95,626.05,19995.22,3043,6.57089056851791
2022-03-01T00:00:00Z,John West/Buckner,26,6.75,75,506.25,12088.109999999999,1863,6.488518518518518
2022-03-01T00:00:00Z,Duncanville,30,6.89,47,323.83,8719.550000000001,1321,6.600719152157457
2022-03-01T00:00:00Z,West Garland,32,6.56,75,491.99999999999994,12933.66,1985,6.515697732997481
2022-03-01T00:00:00Z,Medical District,34,7,2,14,1043.3999999999999,154,6.775324675324675
2022-03-01T00:00:00Z,Abrams Road,37,6.77,43,291.10999999999996,11602.350000000002,1743,6.656540447504304
2022-03-01T00:00:00Z,Mesquite,39,6.53,51,333.03000000000003,8714.76,1348,6.464955489614243
2022-03-01T00:00:00Z,Fruitdale,42,0,0,0,0,0,NA
2022-04-01T00:00:00Z,MLK Center,1,6.8,10,68,1482.76,226,6.560884955752212
2022-04-01T00:00:00Z,Westmoreland,3,6.45,62,399.90000000000003,11195.49,1709,6.550901111761264
2022-04-01T00:00:00Z,Lake June,5,6.61,122,806.4200000000001,22137.32,3396,6.518645465253239
2022-04-01T00:00:00Z,Grand Prairie,8,6.6,70,462,13695.11,2083,6.574704752760442
2022-04-01T00:00:00Z,Irving,9,6.47,150,970.5,21871.14,3306,6.615589836660617
2022-04-01T00:00:00Z,Highland Hills,10,6.5,2,13,1971.2,297,6.637037037037037
2022-04-01T00:00:00Z,East Garland,11,6.38,74,472.12,13259.33,2028,6.538131163708087
2022-04-01T00:00:00Z,Northwest Highway,17,6.65,55,365.75,10228.09,1582,6.465290771175727
2022-04-01T00:00:00Z,North Dallas,24,6.44,118,759.9200000000001,18100.5,2753,6.574827460951689
2022-04-01T00:00:00Z,Ledbetter,25,6.64,104,690.56,20685.780000000002,3147,6.573174451858914
2022-04-01T00:00:00Z,John West/Buckner,26,6.67,87,580.29,12668.399999999998,1950,6.496615384615383
2022-04-01T00:00:00Z,Duncanville,30,6.75,40,270,8989.550000000001,1361,6.6051065393093324
2022-04-01T00:00:00Z,West Garland,32,6.43,89,572.27,13505.93,2074,6.51202025072324
2022-04-01T00:00:00Z,Medical District,34,7,4,28,1071.3999999999999,158,6.781012658227847
2022-04-01T00:00:00Z,Abrams Road,37,6.54,76,497.04,12099.390000000003,1819,6.651671247938429
2022-04-01T00:00:00Z,Mesquite,39,6.22,36,223.92,8938.68,1384,6.458583815028902
2022-04-01T00:00:00Z,Fruitdale,42,0,0,0,0,0,NA
2022-05-01T00:00:00Z,MLK Center,1,6.47,17,109.99,1592.75,243,6.554526748971194
2022-05-01T00:00:00Z,Westmoreland,3,6.65,55,365.75,11561.24,1764,6.553990929705216
2022-05-01T00:00:00Z,Lake June,5,6.43,101,649.43,22786.75,3497,6.516085215899342
2022-05-01T00:00:00Z,Grand Prairie,8,6.76,62,419.12,14114.230000000001,2145,6.580060606060607
2022-05-01T00:00:00Z,Irving,9,6.82,114,777.48,22648.62,3420,6.62240350877193
2022-05-01T00:00:00Z,Highland Hills,10,7,1,7,1978.2,298,6.638255033557047
2022-05-01T00:00:00Z,East Garland,11,6.4,60,384,13643.33,2088,6.534161877394636
2022-05-01T00:00:00Z,Northwest Highway,17,6.47,55,355.84999999999997,10583.94,1637,6.465448992058644
2022-05-01T00:00:00Z,North Dallas,24,6.38,84,535.92,18636.42,2837,6.569058864998237
2022-05-01T00:00:00Z,Ledbetter,25,6.62,84,556.08,21241.860000000004,3231,6.574391829155061
2022-05-01T00:00:00Z,John West/Buckner,26,6.59,76,500.84,13169.239999999998,2026,6.500118460019742
2022-05-01T00:00:00Z,Duncanville,30,6.8,51,346.8,9336.35,1412,6.6121458923512755
2022-05-01T00:00:00Z,West Garland,32,6.38,48,306.24,13812.17,2122,6.509033930254477
2022-05-01T00:00:00Z,Medical District,34,7,4,28,1099.3999999999999,162,6.7864197530864185
2022-05-01T00:00:00Z,Abrams Road,37,6.64,55,365.2,12464.590000000004,1874,6.651328708644613
2022-05-01T00:00:00Z,Mesquite,39,6.92,13,89.96,9028.64,1397,6.462877594846098
2022-05-01T00:00:00Z,Fruitdale,42,0,0,0,0,0,NA
2022-06-01T00:00:00Z,MLK Center,1,NA,NA,0,1592.75,243,6.554526748971194
2022-06-01T00:00:00Z,Westmoreland,3,NA,NA,0,11561.24,1764,6.553990929705216
2022-06-01T00:00:00Z,Lake June,5,NA,NA,0,22786.75,3497,6.516085215899342
2022-06-01T00:00:00Z,Grand Prairie,8,NA,NA,0,14114.230000000001,2145,6.580060606060607
2022-06-01T00:00:00Z,Irving,9,NA,NA,0,22648.62,3420,6.62240350877193
2022-06-01T00:00:00Z,Highland Hills,10,NA,NA,0,1978.2,298,6.638255033557047
2022-06-01T00:00:00Z,East Garland,11,NA,NA,0,13643.33,2088,6.534161877394636
2022-06-01T00:00:00Z,Northwest Highway,17,NA,NA,0,10583.94,1637,6.465448992058644
2022-06-01T00:00:00Z,North Dallas,24,NA,NA,0,18636.42,2837,6.569058864998237
2022-06-01T00:00:00Z,Ledbetter,25,NA,NA,0,21241.860000000004,3231,6.574391829155061
2022-06-01T00:00:00Z,John West/Buckner,26,NA,NA,0,13169.239999999998,2026,6.500118460019742
2022-06-01T00:00:00Z,Duncanville,30,NA,NA,0,9336.35,1412,6.6121458923512755
2022-06-01T00:00:00Z,West Garland,32,NA,NA,0,13812.17,2122,6.509033930254477
2022-06-01T00:00:00Z,Medical District,34,NA,NA,0,1099.3999999999999,162,6.7864197530864185
2022-06-01T00:00:00Z,Abrams Road,37,NA,NA,0,12464.590000000004,1874,6.651328708644613
2022-06-01T00:00:00Z,Mesquite,39,NA,NA,0,9028.64,1397,6.462877594846098
2022-06-01T00:00:00Z,Fruitdale,42,0,0,0,0,0,NA
2022-07-01T00:00:00Z,MLK Center,1,6.44,9,57.96,1650.71,252,6.550436507936508
2022-07-01T00:00:00Z,Westmoreland,3,6.74,68,458.32,12019.56,1832,6.56089519650655
2022-07-01T00:00:00Z,Lake June,5,6.42,128,821.76,23608.51,3625,6.512692413793103
2022-07-01T00:00:00Z,Grand Prairie,8,6.53,80,522.4,14636.630000000001,2225,6.5782606741573035
2022-07-01T00:00:00Z,Irving,9,6.81,139,946.5899999999999,23595.21,3559,6.629730261309357
2022-07-01T00:00:00Z,Highland Hills,10,6,1,6,1984.2,299,6.636120401337792
2022-07-01T00:00:00Z,East Garland,11,6.38,85,542.3,14185.63,2173,6.528131615278417
2022-07-01T00:00:00Z,Northwest Highway,17,6.49,47,305.03000000000003,10888.970000000001,1684,6.466134204275535
2022-07-01T00:00:00Z,North Dallas,24,6.43,88,565.8399999999999,19202.26,2925,6.564875213675213
2022-07-01T00:00:00Z,Ledbetter,25,6.68,120,801.5999999999999,22043.460000000003,3351,6.578173679498658
2022-07-01T00:00:00Z,John West/Buckner,26,6.63,101,669.63,13838.869999999997,2127,6.506285848613069
2022-07-01T00:00:00Z,Duncanville,30,6.75,63,425.25,9761.6,1475,6.618033898305085
2022-07-01T00:00:00Z,West Garland,32,6.65,68,452.20000000000005,14264.37,2190,6.51341095890411
2022-07-01T00:00:00Z,Medical District,34,7,1,7,1106.3999999999999,163,6.787730061349692
2022-07-01T00:00:00Z,Abrams Road,37,6.81,67,456.27,12920.860000000004,1941,6.6568057702215375
2022-07-01T00:00:00Z,Mesquite,39,6.5,2,13,9041.64,1399,6.462930664760543
2022-07-01T00:00:00Z,Fruitdale,42,0,0,0,0,0,NA
2022-08-01T00:00:00Z,MLK Center,1,6.86,14,96.04,1746.75,266,6.56672932330827
2022-08-01T00:00:00Z,Westmoreland,3,6.65,85,565.25,12584.81,1917,6.564846113719353
2022-08-01T00:00:00Z,Lake June,5,6.52,148,964.9599999999999,24573.469999999998,3773,6.512979061754571
2022-08-01T00:00:00Z,Grand Prairie,8,6.66,87,579.42,15216.050000000001,2312,6.581336505190312
2022-08-01T00:00:00Z,Irving,9,6.74,137,923.38,24518.59,3696,6.633817640692641
2022-08-01T00:00:00Z,Highland Hills,10,0,0,0,1984.2,299,6.636120401337792
2022-08-01T00:00:00Z,East Garland,11,6.58,109,717.22,14902.849999999999,2282,6.530609114811568
2022-08-01T00:00:00Z,Northwest Highway,17,6.25,65,406.25,11295.220000000001,1749,6.458101772441395
2022-08-01T00:00:00Z,North Dallas,24,6.28,123,772.44,19974.699999999997,3048,6.553379265091863
2022-08-01T00:00:00Z,Ledbetter,25,6.71,119,798.49,22841.950000000004,3470,6.582694524495679
2022-08-01T00:00:00Z,John West/Buckner,26,6.74,103,694.22,14533.089999999997,2230,6.5170807174887875
2022-08-01T00:00:00Z,Duncanville,30,6.61,46,304.06,10065.66,1521,6.617790927021696
2022-08-01T00:00:00Z,West Garland,32,6.43,72,462.96,14727.33,2262,6.510755968169761
2022-08-01T00:00:00Z,Medical District,34,6.89,9,62.01,1168.4099999999999,172,6.793081395348836
2022-08-01T00:00:00Z,Abrams Road,37,6.52,60,391.2,13312.060000000005,2001,6.6527036481759145
2022-08-01T00:00:00Z,Mesquite,39,0,0,0,9041.64,1399,6.462930664760543
2022-08-01T00:00:00Z,Fruitdale,42,0,0,0,0,0,NA
2022-09-01T00:00:00Z,Highland Hills,10,7,1,7,1991.2,300,6.637333333333333
2022-09-01T00:00:00Z,Medical District,34,7,6,42,1210.4099999999999,178,6.80005617977528
2022-09-01T00:00:00Z,Grand Prairie,8,6.69,89,595.4100000000001,15811.460000000001,2401,6.585364431486881
2022-09-01T00:00:00Z,West Garland,32,6.66,73,486.18,15213.51,2335,6.515421841541756
2022-09-01T00:00:00Z,Abrams Road,37,6.65,54,359.1,13671.160000000005,2055,6.652632603406329
2022-09-01T00:00:00Z,East Garland,11,6.63,75,497.25,15400.099999999999,2357,6.533771743742045
2022-09-01T00:00:00Z,Lake June,5,6.59,146,962.14,25535.609999999997,3919,6.515848430722122
2022-09-01T00:00:00Z,Ledbetter,25,6.55,98,641.9,23483.850000000006,3568,6.5817965246636785
2022-09-01T00:00:00Z,Westmoreland,3,6.49,72,467.28000000000003,13052.09,1989,6.562136752136753
2022-09-01T00:00:00Z,North Dallas,24,6.48,88,570.24,20544.94,3136,6.551320153061224
2022-09-01T00:00:00Z,Irving,9,6.47,139,899.3299999999999,25417.92,3835,6.627880052151238
2022-09-01T00:00:00Z,Duncanville,30,6.47,47,304.09,10369.75,1568,6.613360969387755
2022-09-01T00:00:00Z,John West/Buckner,26,6.46,122,788.12,15321.209999999997,2352,6.514119897959183
2022-09-01T00:00:00Z,Northwest Highway,17,6.46,63,406.98,11702.2,1812,6.4581677704194265
2022-09-01T00:00:00Z,MLK Center,1,0,0,0,1746.75,266,6.56672932330827
2022-10-01T00:00:00Z,MLK Center,1,6.67,12,80.03999999999999,1826.79,278,6.571187050359712
2022-10-01T00:00:00Z,Westmoreland,3,6.58,71,467.18,13519.27,2060,6.562752427184466
2022-10-01T00:00:00Z,Lake June,5,6.47,173,1119.31,26654.92,4092,6.513910068426197
2022-10-01T00:00:00Z,Grand Prairie,8,6.77,94,636.38,16447.84,2495,6.592320641282565
2022-10-01T00:00:00Z,Irving,9,6.61,103,680.83,26098.75,3938,6.627412392077196
2022-10-01T00:00:00Z,Highland Hills,10,7,3,21,2012.2,303,6.640924092409241
2022-10-01T00:00:00Z,East Garland,11,6.53,90,587.7,15987.8,2447,6.53363302002452
2022-10-01T00:00:00Z,Northwest Highway,17,6.47,72,465.84,12168.04,1884,6.458619957537155
2022-10-01T00:00:00Z,North Dallas,24,6.3,105,661.5,21206.44,3241,6.543178031471768
2022-10-01T00:00:00Z,Ledbetter,25,6.74,110,741.4,24225.250000000007,3678,6.586528004350193
2022-10-01T00:00:00Z,John West/Buckner,26,6.49,118,765.82,16087.029999999997,2470,6.512967611336031
2022-10-01T00:00:00Z,Duncanville,30,6.6,55,363,10732.75,1623,6.612908194701171
2022-10-01T00:00:00Z,West Garland,32,6.42,92,590.64,15804.15,2427,6.511804697156983
2022-10-01T00:00:00Z,Medical District,34,6.67,3,20.009999999999998,1230.4199999999998,181,6.797900552486187
2022-10-01T00:00:00Z,Abrams Road,37,6.78,76,515.28,14186.440000000006,2131,6.657175035194747
2022-11-01T00:00:00Z,MLK Center,1,6.9,10,69,1895.79,288,6.582604166666666
2022-11-01T00:00:00Z,Westmoreland,3,6.53,55,359.15000000000003,13878.42,2115,6.5619007092198585
2022-11-01T00:00:00Z,Lake June,5,6.47,110,711.6999999999999,27366.62,4202,6.512760590195145
2022-11-01T00:00:00Z,Grand Prairie,8,6.6,55,363,16810.84,2550,6.592486274509804
2022-11-01T00:00:00Z,Irving,9,6.73,111,747.0300000000001,26845.78,4049,6.630224746851074
2022-11-01T00:00:00Z,Highland Hills,10,7,2,14,2026.2,305,6.643278688524591
2022-11-01T00:00:00Z,East Garland,11,6.84,58,396.71999999999997,16384.52,2505,6.540726546906188
2022-11-01T00:00:00Z,Northwest Highway,17,6.48,46,298.08000000000004,12466.12,1930,6.459129533678757
2022-11-01T00:00:00Z,North Dallas,24,6.26,69,431.94,21638.379999999997,3310,6.537274924471299
2022-11-01T00:00:00Z,Ledbetter,25,6.62,55,364.1,24589.350000000006,3733,6.587021162603805
2022-11-01T00:00:00Z,John West/Buckner,26,6.55,95,622.25,16709.28,2565,6.514339181286549
2022-11-01T00:00:00Z,Duncanville,30,6.85,53,363.04999999999995,11095.8,1676,6.620405727923627
2022-11-01T00:00:00Z,West Garland,32,6.74,66,444.84000000000003,16248.99,2493,6.517845968712394
2022-11-01T00:00:00Z,Medical District,34,7,3,21,1251.4199999999998,184,6.801195652173912
2022-11-01T00:00:00Z,Abrams Road,37,6.69,55,367.95000000000005,14554.390000000007,2186,6.658000914913086
2022-12-01T00:00:00Z,MLK Center,1,6.86,14,96.04,1991.83,302,6.59546357615894
2022-12-01T00:00:00Z,Westmoreland,3,6.73,67,450.91,14329.33,2182,6.567062328139322
2022-12-01T00:00:00Z,Lake June,5,6.59,118,777.62,28144.239999999998,4320,6.51487037037037
2022-12-01T00:00:00Z,Grand Prairie,8,6.57,70,459.90000000000003,17270.74,2620,6.591885496183207
2022-12-01T00:00:00Z,Irving,9,6.51,86,559.86,27405.64,4135,6.62772430471584
2022-12-01T00:00:00Z,Highland Hills,10,6.75,4,27,2053.2,309,6.644660194174756
2022-12-01T00:00:00Z,East Garland,11,6.34,56,355.03999999999996,16739.56,2561,6.536337368215541
2022-12-01T00:00:00Z,Northwest Highway,17,6.75,32,216,12682.12,1962,6.463873598369012
2022-12-01T00:00:00Z,North Dallas,24,6.54,78,510.12,22148.499999999996,3388,6.537337662337661
2022-12-01T00:00:00Z,Ledbetter,25,6.58,77,506.66,25096.010000000006,3810,6.586879265091865
2022-12-01T00:00:00Z,John West/Buckner,26,6.6,83,547.8,17257.079999999998,2648,6.517024169184289
2022-12-01T00:00:00Z,Duncanville,30,6.85,33,226.04999999999998,11321.849999999999,1709,6.624839087185488
2022-12-01T00:00:00Z,West Garland,32,6.79,53,359.87,16608.86,2546,6.523511390416339
2022-12-01T00:00:00Z,Medical District,34,6,1,6,1257.4199999999998,185,6.796864864864864
2022-12-01T00:00:00Z,Abrams Road,37,6.71,28,187.88,14742.270000000006,2214,6.658658536585368
2022-12-01T00:00:00Z,Fruitdale,42,0,0,0,0,0,NA
2023-01-01T00:00:00Z,MLK Center,1,6.75,16,108,2099.83,318,6.603238993710692
2023-01-01T00:00:00Z,Westmoreland,3,6.64,56,371.84,14701.17,2238,6.568887399463807
2023-01-01T00:00:00Z,Lake June,5,6.54,150,981,29125.239999999998,4470,6.515713646532438
2023-01-01T00:00:00Z,Grand Prairie,8,6.58,80,526.4,17797.140000000003,2700,6.591533333333334
2023-01-01T00:00:00Z,Irving,9,6.48,146,946.08,28351.72,4281,6.622686288250409
2023-01-01T00:00:00Z,Highland Hills,10,6.5,2,13,2066.2,311,6.643729903536977
2023-01-01T00:00:00Z,East Garland,11,6.68,100,668,17407.56,2661,6.541736189402481
2023-01-01T00:00:00Z,Northwest Highway,17,6.47,59,381.72999999999996,13063.85,2021,6.4640524492825335
2023-01-01T00:00:00Z,North Dallas,24,6.43,115,739.4499999999999,22887.949999999997,3503,6.533813873822437
2023-01-01T00:00:00Z,Ledbetter,25,6.76,116,784.16,25880.170000000006,3926,6.591994396332146
2023-01-01T00:00:00Z,John West/Buckner,26,6.67,118,787.06,18044.14,2766,6.523550253073029
2023-01-01T00:00:00Z,Duncanville,30,6.84,49,335.15999999999997,11657.009999999998,1758,6.630836177474402
2023-01-01T00:00:00Z,West Garland,32,6.64,97,644.0799999999999,17252.940000000002,2643,6.527786606129399
2023-01-01T00:00:00Z,Medical District,34,6,1,6,1263.4199999999998,186,6.79258064516129
2023-01-01T00:00:00Z,Abrams Road,37,6.47,72,465.84,15208.110000000006,2286,6.652716535433074
2023-01-01T00:00:00Z,Fruitdale,42,0,0,0,0,0,NA
2023-02-01T00:00:00Z,MLK Center,1,6.86,14,96.04,2195.87,332,6.614066265060241
2023-02-01T00:00:00Z,Westmoreland,3,6.57,60,394.20000000000005,15095.37,2298,6.568916449086162
2023-02-01T00:00:00Z,Lake June,5,6.52,110,717.1999999999999,29842.44,4580,6.515816593886463
2023-02-01T00:00:00Z,Grand Prairie,8,6.63,59,391.17,18188.31,2759,6.592355926060168
2023-02-01T00:00:00Z,Irving,9,6.51,121,787.7099999999999,29139.43,4402,6.619588823262154
2023-02-01T00:00:00Z,Highland Hills,10,6.67,3,20.009999999999998,2086.21,314,6.643980891719745
2023-02-01T00:00:00Z,East Garland,11,6.78,83,562.74,17970.300000000003,2744,6.548943148688048
2023-02-01T00:00:00Z,Northwest Highway,17,6.65,55,365.75,13429.6,2076,6.468978805394991
2023-02-01T00:00:00Z,North Dallas,24,6.68,90,601.1999999999999,23489.149999999998,3593,6.537475647091567
2023-02-01T00:00:00Z,Ledbetter,25,6.54,81,529.74,26409.910000000007,4007,6.590943349139009
2023-02-01T00:00:00Z,John West/Buckner,26,6.6,94,620.4,18664.54,2860,6.526062937062937
2023-02-01T00:00:00Z,Duncanville,30,6.91,45,310.95,11967.96,1803,6.637803660565723
2023-02-01T00:00:00Z,West Garland,32,6.67,55,366.85,17619.79,2698,6.530685693106005
2023-02-01T00:00:00Z,Medical District,34,6,2,12,1275.4199999999998,188,6.784148936170212
2023-02-01T00:00:00Z,Abrams Road,37,6.56,55,360.79999999999995,15568.910000000005,2341,6.650538231524991
2023-02-01T00:00:00Z,Fruitdale,42,0,0,0,0,0,NA
2023-03-01T00:00:00Z,MLK Center,1,6.61,18,118.98,2314.85,350,6.613857142857142
2023-03-01T00:00:00Z,Westmoreland,3,6.58,62,407.96,15503.33,2360,6.569207627118644
2023-03-01T00:00:00Z,Lake June,5,6.59,116,764.4399999999999,30606.879999999997,4696,6.517649063032367
2023-03-01T00:00:00Z,Grand Prairie,8,6.8,85,578,18766.31,2844,6.59856188466948
2023-03-01T00:00:00Z,Irving,9,6.63,111,735.93,29875.36,4513,6.619844892532684
2023-03-01T00:00:00Z,Highland Hills,10,7,5,35,2121.21,319,6.649561128526646
2023-03-01T00:00:00Z,East Garland,11,6.83,66,450.78000000000003,18421.08,2810,6.5555444839857655
2023-03-01T00:00:00Z,Northwest Highway,17,6.62,47,311.14,13740.74,2123,6.472322185586434
2023-03-01T00:00:00Z,North Dallas,24,6.48,93,602.64,24091.789999999997,3686,6.5360255018990765
2023-03-01T00:00:00Z,Ledbetter,25,6.48,104,673.9200000000001,27083.83000000001,4111,6.5881367063974725
2023-03-01T00:00:00Z,John West/Buckner,26,6.57,87,571.59,19236.13,2947,6.52736002714625
2023-03-01T00:00:00Z,Duncanville,30,6.7,37,247.9,12215.859999999999,1840,6.639054347826086
2023-03-01T00:00:00Z,West Garland,32,6.62,71,470.02,18089.81,2769,6.532975803539184
2023-03-01T00:00:00Z,Medical District,34,7,3,21,1296.4199999999998,191,6.787539267015706
2023-03-01T00:00:00Z,Abrams Road,37,6.73,66,444.18,16013.090000000006,2407,6.6527170751973435
2023-03-01T00:00:00Z,Fruitdale,42,0,0,0,0,0,NA
2023-04-01T00:00:00Z,MLK Center,1,6.77,13,88.00999999999999,2402.8599999999997,363,6.619449035812671
2023-04-01T00:00:00Z,Westmoreland,3,6.78,63,427.14000000000004,15930.47,2423,6.574688402806438
2023-04-01T00:00:00Z,Lake June,5,6.54,89,582.0600000000001,31188.94,4785,6.518064785788924
2023-04-01T00:00:00Z,Grand Prairie,8,6.77,73,494.21,19260.52,2917,6.602852245457662
2023-04-01T00:00:00Z,Irving,9,6.84,114,779.76,30655.12,4627,6.625269072833369
2023-04-01T00:00:00Z,Highland Hills,10,0,0,0,2121.21,319,6.649561128526646
2023-04-01T00:00:00Z,East Garland,11,6.63,78,517.14,18938.22,2888,6.55755540166205
2023-04-01T00:00:00Z,Northwest Highway,17,6.33,46,291.18,14031.92,2169,6.4693038266482255
2023-04-01T00:00:00Z,North Dallas,24,6.51,100,651,24742.789999999997,3786,6.535338087691494
2023-04-01T00:00:00Z,Ledbetter,25,6.73,99,666.2700000000001,27750.10000000001,4210,6.591472684085513
2023-04-01T00:00:00Z,John West/Buckner,26,6.53,95,620.35,19856.48,3042,6.5274424720578565
2023-04-01T00:00:00Z,Duncanville,30,6.3,27,170.1,12385.96,1867,6.634151044456346
2023-04-01T00:00:00Z,West Garland,32,6.65,75,498.75,18588.56,2844,6.53606188466948
2023-04-01T00:00:00Z,Medical District,34,7,1,7,1303.4199999999998,192,6.788645833333333
2023-04-01T00:00:00Z,Abrams Road,37,6.93,42,291.06,16304.150000000005,2449,6.6574724377296874
2023-04-01T00:00:00Z,Fruitdale,42,0,0,0,0,0,NA
2023-05-01T00:00:00Z,MLK Center,1,6.8,10,68,2470.8599999999997,373,6.624289544235924
2023-05-01T00:00:00Z,Westmoreland,3,6.77,56,379.12,16309.59,2479,6.5791004437273095
2023-05-01T00:00:00Z,Lake June,5,6.56,105,688.8,31877.739999999998,4890,6.518965235173824
2023-05-01T00:00:00Z,Grand Prairie,8,6.52,56,365.12,19625.64,2973,6.601291624621594
2023-05-01T00:00:00Z,Irving,9,6.64,96,637.4399999999999,31292.559999999998,4723,6.625568494600889
2023-05-01T00:00:00Z,Highland Hills,10,6.25,4,25,2146.21,323,6.644613003095976
2023-05-01T00:00:00Z,East Garland,11,6.77,67,453.59,19391.81,2955,6.562372250423012
2023-05-01T00:00:00Z,Northwest Highway,17,6.53,45,293.85,14325.77,2214,6.470537488708221
2023-05-01T00:00:00Z,North Dallas,24,6.68,87,581.16,25323.949999999997,3873,6.538587658146139
2023-05-01T00:00:00Z,Ledbetter,25,6.53,110,718.3000000000001,28468.40000000001,4320,6.589907407407409
2023-05-01T00:00:00Z,John West/Buckner,26,6.64,96,637.4399999999999,20493.92,3138,6.530885914595283
2023-05-01T00:00:00Z,Duncanville,30,6.82,39,265.98,12651.939999999999,1906,6.637953830010493
2023-05-01T00:00:00Z,West Garland,32,6.58,58,381.64,18970.2,2902,6.5369400413507925
2023-05-01T00:00:00Z,Medical District,34,0,0,0,1303.4199999999998,192,6.788645833333333
2023-05-01T00:00:00Z,Abrams Road,37,6.72,48,322.56,16626.710000000006,2497,6.658674409291152
2023-05-01T00:00:00Z,Fruitdale,42,0,0,0,0,0,NA
2023-06-01T00:00:00Z,MLK Center,1,6.57,14,91.98,2562.8399999999997,387,6.622325581395348
2023-06-01T00:00:00Z,Westmoreland,3,6.58,53,348.74,16658.33,2532,6.579119273301738
2023-06-01T00:00:00Z,Lake June,5,6.5,94,611,32488.739999999998,4984,6.518607544141251
2023-06-01T00:00:00Z,Grand Prairie,8,6.7,56,375.2,20000.84,3029,6.603116540112248
2023-06-01T00:00:00Z,Irving,9,6.67,94,626.98,31919.539999999997,4817,6.626435540793024
2023-06-01T00:00:00Z,Highland Hills,10,7,3,21,2167.21,326,6.6478834355828225
2023-06-01T00:00:00Z,East Garland,11,6.78,65,440.7,19832.510000000002,3020,6.567056291390729
2023-06-01T00:00:00Z,Northwest Highway,17,6.56,55,360.79999999999995,14686.57,2269,6.472706037902159
2023-06-01T00:00:00Z,North Dallas,24,6.68,77,514.36,25838.309999999998,3950,6.541344303797468
2023-06-01T00:00:00Z,Ledbetter,25,6.82,84,572.88,29041.28000000001,4404,6.594296094459584
2023-06-01T00:00:00Z,John West/Buckner,26,6.78,82,555.96,21049.879999999997,3220,6.537229813664595
2023-06-01T00:00:00Z,Duncanville,30,6.65,26,172.9,12824.839999999998,1932,6.638115942028985
2023-06-01T00:00:00Z,West Garland,32,6.58,40,263.2,19233.4,2942,6.537525492861999
2023-06-01T00:00:00Z,Medical District,34,7,2,14,1317.4199999999998,194,6.790824742268041
2023-06-01T00:00:00Z,Abrams Road,37,6.85,46,315.09999999999997,16941.810000000005,2543,6.6621352732992545
2023-06-01T00:00:00Z,Fruitdale,42,7,1,7,7,1,7
2023-07-01T00:00:00Z,MLK Center,1,6.5,12,78,2640.8399999999997,399,6.618646616541352
2023-07-01T00:00:00Z,Westmoreland,3,6.62,52,344.24,17002.570000000003,2584,6.579941950464398
2023-07-01T00:00:00Z,Lake June,5,6.61,83,548.63,33037.369999999995,5067,6.5201045983816845
2023-07-01T00:00:00Z,Grand Prairie,8,6.82,50,341,20341.84,3079,6.6066385189996755
2023-07-01T00:00:00Z,Irving,9,6.56,94,616.64,32536.179999999997,4911,6.625163917735695
2023-07-01T00:00:00Z,Highland Hills,10,6.83,6,40.980000000000004,2208.19,332,6.651174698795181
2023-07-01T00:00:00Z,East Garland,11,6.85,73,500.04999999999995,20332.56,3093,6.573734238603298
2023-07-01T00:00:00Z,Northwest Highway,17,6.42,52,333.84,15020.41,2321,6.471525204653167
2023-07-01T00:00:00Z,North Dallas,24,6.64,77,511.28,26349.589999999997,4027,6.543230692823441
2023-07-01T00:00:00Z,Ledbetter,25,6.76,110,743.6,29784.88000000001,4514,6.598334071776697
2023-07-01T00:00:00Z,John West/Buckner,26,6.65,71,472.15000000000003,21522.03,3291,6.539662716499544
2023-07-01T00:00:00Z,Duncanville,30,6.64,28,185.92,13010.759999999998,1960,6.6381428571428565
2023-07-01T00:00:00Z,West Garland,32,6.54,52,340.08,19573.480000000003,2994,6.537568470273882
2023-07-01T00:00:00Z,Medical District,34,6.5,2,13,1330.4199999999998,196,6.787857142857142
2023-07-01T00:00:00Z,Abrams Road,37,6.68,40,267.2,17209.010000000006,2583,6.662411924119243
2023-07-01T00:00:00Z,Fruitdale,42,0,0,0,7,1,7
2023-08-01T00:00:00Z,MLK Center,1,6.2,10,62,2702.8399999999997,409,6.60841075794621
2023-08-01T00:00:00Z,Westmoreland,3,6.55,40,262,17264.570000000003,2624,6.579485518292684
2023-08-01T00:00:00Z,Lake June,5,6.5,65,422.5,33459.869999999995,5132,6.519849961028838
2023-08-01T00:00:00Z,Grand Prairie,8,6.64,39,258.96,20600.8,3118,6.607055805003207
2023-08-01T00:00:00Z,Irving,9,6.65,82,545.3000000000001,33081.479999999996,4993,6.625571800520728
2023-08-01T00:00:00Z,Highland Hills,10,7,3,21,2229.19,335,6.654298507462687
2023-08-01T00:00:00Z,East Garland,11,6.72,46,309.12,20641.68,3139,6.5758776680471485
2023-08-01T00:00:00Z,Northwest Highway,17,6.57,46,302.22,15322.63,2367,6.473438952260245
2023-08-01T00:00:00Z,North Dallas,24,6.82,51,347.82,26697.409999999996,4078,6.546692005885237
2023-08-01T00:00:00Z,Ledbetter,25,6.72,67,450.24,30235.12000000001,4581,6.600113512333554
2023-08-01T00:00:00Z,John West/Buckner,26,6.74,68,458.32,21980.35,3359,6.543718368562072
2023-08-01T00:00:00Z,Duncanville,30,6.69,26,173.94,13184.699999999999,1986,6.63882175226586
2023-08-01T00:00:00Z,West Garland,32,6.56,40,262.4,19835.880000000005,3034,6.537864205669085
2023-08-01T00:00:00Z,Medical District,34,7,3,21,1351.4199999999998,199,6.7910552763819085
2023-08-01T00:00:00Z,Abrams Road,37,6.47,38,245.85999999999999,17454.870000000006,2621,6.659622281571922
2023-08-01T00:00:00Z,Fruitdale,42,7,1,7,14,2,7
2023-09-01T00:00:00Z,MLK Center,1,6.38,16,102.08,2804.9199999999996,425,6.599811764705882
2023-09-01T00:00:00Z,Westmoreland,3,6.65,34,226.10000000000002,17490.670000000002,2658,6.580387509405568
2023-09-01T00:00:00Z,Lake June,5,6.46,69,445.74,33905.60999999999,5201,6.519055950778695
2023-09-01T00:00:00Z,Grand Prairie,8,6.74,39,262.86,20863.66,3157,6.608698131137156
2023-09-01T00:00:00Z,Irving,9,6.52,75,488.99999999999994,33570.479999999996,5068,6.6240094711917905
2023-09-01T00:00:00Z,Highland Hills,10,6.75,4,27,2256.19,339,6.65542772861357
2023-09-01T00:00:00Z,East Garland,11,6.54,52,340.08,20981.760000000002,3191,6.575293011595112
2023-09-01T00:00:00Z,Northwest Highway,17,6.75,44,297,15619.63,2411,6.478486105350477
2023-09-01T00:00:00Z,North Dallas,24,6.42,55,353.1,27050.509999999995,4133,6.5450060488749076
2023-09-01T00:00:00Z,Ledbetter,25,6.64,77,511.28,30746.40000000001,4658,6.600772863890083
2023-09-01T00:00:00Z,John West/Buckner,26,6.7,47,314.90000000000003,22295.25,3406,6.545874926600117
2023-09-01T00:00:00Z,Duncanville,30,6.79,14,95.06,13279.759999999998,2000,6.639879999999999
2023-09-01T00:00:00Z,West Garland,32,6.59,64,421.76,20257.640000000003,3098,6.538941252420917
2023-09-01T00:00:00Z,Medical District,34,0,0,0,1351.4199999999998,199,6.7910552763819085
2023-09-01T00:00:00Z,Abrams Road,37,6.78,27,183.06,17637.930000000008,2648,6.660849697885199
2023-09-01T00:00:00Z,Fruitdale,42,0,0,0,14,2,7
2023-10-01T00:00:00Z,MLK Center,1,NA,NA,NA,NA,NA,NA
2023-10-01T00:00:00Z,Westmoreland,3,NA,NA,NA,NA,NA,NA
2023-10-01T00:00:00Z,Lake June,5,NA,NA,NA,NA,NA,NA
2023-10-01T00:00:00Z,Grand Prairie,8,NA,NA,NA,NA,NA,NA
2023-10-01T00:00:00Z,Irving,9,NA,NA,NA,NA,NA,NA
2023-10-01T00:00:00Z,Highland Hills,10,NA,NA,NA,NA,NA,NA
2023-10-01T00:00:00Z,East Garland,11,NA,NA,NA,NA,NA,NA
2023-10-01T00:00:00Z,Northwest Highway,17,NA,NA,NA,NA,NA,NA
2023-10-01T00:00:00Z,North Dallas,24,NA,NA,NA,NA,NA,NA
2023-10-01T00:00:00Z,Ledbetter,25,NA,NA,NA,NA,NA,NA
2023-10-01T00:00:00Z,John West/Buckner,26,NA,NA,NA,NA,NA,NA
2023-10-01T00:00:00Z,Duncanville,30,NA,NA,NA,NA,NA,NA
2023-10-01T00:00:00Z,West Garland,32,NA,NA,NA,NA,NA,NA
2023-10-01T00:00:00Z,Medical District,34,NA,NA,NA,NA,NA,NA
2023-10-01T00:00:00Z,Abrams Road,37,NA,NA,NA,NA,NA,NA
2023-10-01T00:00:00Z,Fruitdale,42,NA,NA,NA,NA,NA,NA
2023-11-01T00:00:00Z,MLK Center,1,NA,NA,NA,NA,NA,NA
2023-11-01T00:00:00Z,Westmoreland,3,NA,NA,NA,NA,NA,NA
2023-11-01T00:00:00Z,Lake June,5,NA,NA,NA,NA,NA,NA
2023-11-01T00:00:00Z,Grand Prairie,8,NA,NA,NA,NA,NA,NA
2023-11-01T00:00:00Z,Irving,9,NA,NA,NA,NA,NA,NA
2023-11-01T00:00:00Z,Highland Hills,10,NA,NA,NA,NA,NA,NA
2023-11-01T00:00:00Z,East Garland,11,NA,NA,NA,NA,NA,NA
2023-11-01T00:00:00Z,Northwest Highway,17,NA,NA,NA,NA,NA,NA
2023-11-01T00:00:00Z,North Dallas,24,NA,NA,NA,NA,NA,NA
2023-11-01T00:00:00Z,Ledbetter,25,NA,NA,NA,NA,NA,NA
2023-11-01T00:00:00Z,John West/Buckner,26,NA,NA,NA,NA,NA,NA
2023-11-01T00:00:00Z,Duncanville,30,NA,NA,NA,NA,NA,NA
2023-11-01T00:00:00Z,West Garland,32,NA,NA,NA,NA,NA,NA
2023-11-01T00:00:00Z,Medical District,34,NA,NA,NA,NA,NA,NA
2023-11-01T00:00:00Z,Abrams Road,37,NA,NA,NA,NA,NA,NA
2023-11-01T00:00:00Z,Fruitdale,42,NA,NA,NA,NA,NA,NA
2023-12-01T00:00:00Z,MLK Center,1,NA,NA,NA,NA,NA,NA
2023-12-01T00:00:00Z,Westmoreland,3,NA,NA,NA,NA,NA,NA
2023-12-01T00:00:00Z,Lake June,5,NA,NA,NA,NA,NA,NA
2023-12-01T00:00:00Z,Grand Prairie,8,NA,NA,NA,NA,NA,NA
2023-12-01T00:00:00Z,Irving,9,NA,NA,NA,NA,NA,NA
2023-12-01T00:00:00Z,Highland Hills,10,NA,NA,NA,NA,NA,NA
2023-12-01T00:00:00Z,East Garland,11,NA,NA,NA,NA,NA,NA
2023-12-01T00:00:00Z,Northwest Highway,17,NA,NA,NA,NA,NA,NA
2023-12-01T00:00:00Z,North Dallas,24,NA,NA,NA,NA,NA,NA
2023-12-01T00:00:00Z,Ledbetter,25,NA,NA,NA,NA,NA,NA
2023-12-01T00:00:00Z,John West/Buckner,26,NA,NA,NA,NA,NA,NA
2023-12-01T00:00:00Z,Duncanville,30,NA,NA,NA,NA,NA,NA
2023-12-01T00:00:00Z,West Garland,32,NA,NA,NA,NA,NA,NA
2023-12-01T00:00:00Z,Medical District,34,NA,NA,NA,NA,NA,NA
2023-12-01T00:00:00Z,Abrams Road,37,NA,NA,NA,NA,NA,NA
2023-12-01T00:00:00Z,Fruitdale,42,NA,NA,NA,NA,NA,NA
